{"total_results":"179","total":"10","altered_query":"afflict","hc":"164310","results":[{"display":"higher bitterness, that seems to afflict politicians of both parties now?","seg":null,"vid":"5VE9nihee7o","start":"1823","id":"12220478","zone":"1","cid":"15181121","src":"YT","speaker":"5VE9nihee7o","ban":"0"},{"display":"afflict them for 400 years. Also the nation whom they serve, I will judge.","seg":null,"vid":"yAnngqtgq2Q","start":"591","id":"17925652","zone":"1","cid":"25847105","src":"YT","speaker":"yAnngqtgq2Q","ban":"0"},{"display":"spirits, demonic spirits, to afflict us, to torment us,","seg":null,"vid":"55KeVcj1Fyg","start":"121","id":"18049685","zone":"1","cid":"26014988","src":"YT","speaker":"55KeVcj1Fyg","ban":"0"},{"display":"a strongman to afflict you. Do you get it?","seg":null,"vid":"55KeVcj1Fyg","start":"977","id":"18049932","zone":"1","cid":"26015235","src":"YT","speaker":"55KeVcj1Fyg","ban":"0"},{"display":"But they don't know what problems afflict them.","seg":null,"vid":"fIXEpwr7FBk","start":"698","id":"18803436","zone":"1","cid":"28535955","src":"YT","speaker":"fIXEpwr7FBk","ban":"0"},{"display":"afflict millions of people around the world.","seg":null,"vid":"H4kE8C_YhSQ","start":"20","id":"20835082","zone":"1","cid":"31904895","src":"YT","speaker":"H4kE8C_YhSQ","ban":"0"},{"display":"Unfortunately, this system is ill-suited for diseases that primarily afflict","seg":null,"vid":"H4kE8C_YhSQ","start":"73","id":"20835094","zone":"1","cid":"31904907","src":"YT","speaker":"H4kE8C_YhSQ","ban":"0"},{"display":"\"the social ills that afflict black people","seg":null,"vid":"hUZzq7aiDlc","start":"2899","id":"22371412","zone":"1","cid":"34171549","src":"YT","speaker":"hUZzq7aiDlc","ban":"0"},{"display":"and if the restlessness continues to afflict you","seg":null,"vid":"kOonfjmxroY","start":"3199","id":"3862528","zone":"1","cid":"3939175","src":"YT","speaker":"kOonfjmxroY","ban":"0"},{"display":"The toxic trespassers of which Wendell Berry and his allies warn us afflict all creatures","seg":null,"vid":"bYxqe76_RCc","start":"2753","id":"2966789","zone":"1","cid":"3025156","src":"YT","speaker":"bYxqe76_RCc","ban":"0"}]}