{"total_results":"49","total":"10","altered_query":"ampere","hc":"164310","results":[{"display":"of length, mass, time, ampere and temperature,","seg":null,"vid":"aSz5BjExs9o","start":"639","id":"6775773","zone":"1","cid":"7074446","src":"YT","speaker":"aSz5BjExs9o","ban":"0"},{"display":"Here we see, for example, we see Ampere.","seg":null,"vid":"Iekqba8bRYg","start":"819","id":"12949779","zone":"2","cid":"16465232","src":"YT","speaker":"Iekqba8bRYg","ban":"0"},{"display":"And Ampère wanted to understand that connection better.","seg":null,"vid":"VVGUecnDbjA","start":"348","id":"52717007","zone":"1","cid":"80246689","src":"YT","speaker":null,"ban":"0"},{"display":"except that Ampère didn't have any magnets in his experiments.","seg":null,"vid":"VVGUecnDbjA","start":"365","id":"52717011","zone":"1","cid":"80246693","src":"YT","speaker":null,"ban":"0"},{"display":"So even though Ampère did a lot of research during his lifetime,","seg":null,"vid":"VVGUecnDbjA","start":"409","id":"52717022","zone":"1","cid":"80246704","src":"YT","speaker":null,"ban":"0"},{"display":"a similar approach to that of Andre Marie Ampere,","seg":null,"vid":"mINsiT70OHE","start":"2513","id":"16848239","zone":"12","cid":"23312688","src":"YT","speaker":"mINsiT70OHE","ban":"0"},{"display":"contains Descartes, Leibniz, Newton, Ampere, Wallace.","seg":null,"vid":"atn65fZGYUM","start":"1876","id":"22261180","zone":"1","cid":"34016168","src":"YT","speaker":"atn65fZGYUM","ban":"0"},{"display":"the second, the meter, and so on, the ampere.","seg":null,"vid":"2dzS_LXvYA0","start":"255","id":"25853140","zone":"2","cid":"39389961","src":"YT","speaker":"2dzS_LXvYA0","ban":"0"},{"display":"and the unit for electric current, the ampere.","seg":null,"vid":"c_e1wITe_ig","start":"19","id":"33617652","zone":"1","cid":"51734153","src":"YT","speaker":"c_e1wITe_ig","ban":"0"},{"display":"For stamina, the big 3300 Milli-Ampere Hour power battery","seg":null,"vid":"Vw9healWTcQ","start":"278","id":"33386470","zone":"1","cid":"51419583","src":"YT","speaker":"Vw9healWTcQ","ban":"0"}]}