{"total_results":"1638","total":"10","altered_query":"analytic","hc":"164310","results":[{"display":"analytic skills are just...and your knowledge...the scope of your knowledge is really amazing,","seg":null,"vid":"E22TO1xbJOU","start":"36","id":"18157221","zone":"2","cid":"27149735","src":"YT","speaker":"E22TO1xbJOU","ban":"0"},{"display":"there's a lot of interesting analytic work we're also doing.","seg":null,"vid":"MK2_U-w2b08","start":"1061","id":"18406308","zone":"1","cid":"27595257","src":"YT","speaker":"MK2_U-w2b08","ban":"0"},{"display":"So put the analytic group together to talk about people that were persuadable,","seg":null,"vid":"SqYuXl0BJwg","start":"591","id":"19258242","zone":"1","cid":"29226690","src":"YT","speaker":"SqYuXl0BJwg","ban":"0"},{"display":"around mobile and what that interaction looks like from an analytic standpoint.","seg":null,"vid":"SqYuXl0BJwg","start":"698","id":"19258271","zone":"1","cid":"29226719","src":"YT","speaker":"SqYuXl0BJwg","ban":"0"},{"display":"at all, frankly in the schools, much less to do serious analytic writing of the sort","seg":null,"vid":"8LQF4aNcynA","start":"3490","id":"5479523","zone":"1","cid":"5590131","src":"YT","speaker":"8LQF4aNcynA","ban":"0"},{"display":"It's forceful because of the analytic heft","seg":null,"vid":"_Vfar79xVIg","start":"743","id":"5491190","zone":"1","cid":"5601897","src":"YT","speaker":"_Vfar79xVIg","ban":"0"},{"display":"say, an analytic troubleshooting course, so they decided, \"We want to see what that","seg":null,"vid":"U8mWn8ENguc","start":"3188","id":"5290352","zone":"1","cid":"5398105","src":"YT","speaker":"U8mWn8ENguc","ban":"0"},{"display":"kind of analytic, deep probing work in consultation with others that is central to good learning,","seg":null,"vid":"8LQF4aNcynA","start":"2575","id":"5479361","zone":"1","cid":"5589964","src":"YT","speaker":"8LQF4aNcynA","ban":"0"},{"display":"Researchers do analytic thinking.","seg":null,"vid":"q7LRxKHdao8","start":"48","id":"21081729","zone":"1","cid":"32294548","src":"YT","speaker":"q7LRxKHdao8","ban":"0"},{"display":"to the modern analytic categories of law, politics,","seg":null,"vid":"6swVUzgYPMA","start":"4067","id":"16368699","zone":"1","cid":"22461720","src":"YT","speaker":"6swVUzgYPMA","ban":"0"}]}