{"total_results":"162","total":"10","altered_query":"appreciable","hc":"164310","results":[{"display":"appreciable movement in the 10 years since we've known them.","seg":null,"vid":"CMCwezegPNg","start":"4393","id":"20627262","zone":"1","cid":"31510384","src":"YT","speaker":"CMCwezegPNg","ban":"0"},{"display":"individuals cut off from the wider society for an appreciable period of time, together","seg":null,"vid":"ro_9C7UvFcM","start":"2697","id":"36492865","zone":"12","cid":"33886343","src":"YT","speaker":"ro_9C7UvFcM","ban":"0"},{"display":"the vehicle system through all appreciable atmospheres","seg":null,"vid":"ZLBXnJ1JjVQ","start":"1022","id":"7473827","zone":"1","cid":"5099410","src":"YT","speaker":"ZLBXnJ1JjVQ","ban":"0"},{"display":"lot of gas gets used. Gas is not used for electricity to any appreciable extent, but","seg":null,"vid":"LpgXEpTRfSU","start":"266","id":"2918857","zone":"1","cid":"2975232","src":"YT","speaker":"LpgXEpTRfSU","ban":"0"},{"display":"In a very appreciable degree, this complexion of things","seg":null,"vid":"vfP6h2Z18Dg","start":"4001","id":"5065663","zone":"1","cid":"5170591","src":"YT","speaker":"vfP6h2Z18Dg","ban":"0"},{"display":"in the Universe generating appreciable energy will be the corpses of stars: white dwarfs,","seg":null,"vid":"jDF-N3A60DE","start":"292","id":"6863285","zone":"1","cid":"7225385","src":"YT","speaker":"jDF-N3A60DE","ban":"0"},{"display":"Appreciable changes for our future","seg":null,"vid":"jAEmJqqtCAM","start":"701","id":"6377529","zone":"2","cid":"6508545","src":"YT","speaker":"jAEmJqqtCAM","ban":"0"},{"display":"in any appreciable degree.","seg":null,"vid":"fxLHjsAdFhE","start":"1732","id":"8681175","zone":"1","cid":"9939486","src":"YT","speaker":"fxLHjsAdFhE","ban":"0"},{"display":"appreciable boost in the status of military","seg":null,"vid":"SoMnIfEG9zY","start":"1231","id":"13234120","zone":"1","cid":"16993665","src":"YT","speaker":"SoMnIfEG9zY","ban":"0"},{"display":"to have an appreciable effect.","seg":null,"vid":"0rHLxC6ILno","start":"110","id":"10624533","zone":"1","cid":"13173504","src":"YT","speaker":"0rHLxC6ILno","ban":"0"}]}