{"total_results":"499","total":"10","altered_query":"ascribe","hc":"164310","results":[{"display":"We have various properties we ascribe to particles.","seg":null,"vid":"DFnvRZQQF9Q","start":"620","id":"50668313","zone":"1","cid":"77976738","src":"YT","speaker":null,"ban":"0"},{"display":"a thug who doesn't ascribe to your ideology.","seg":null,"vid":"Xg7nsOo34dE","start":"2205","id":"51389034","zone":"1","cid":"78657969","src":"YT","speaker":null,"ban":"0"},{"display":"that the mind will now use these cues to ascribe","seg":null,"vid":"b_AtRE0hDbw","start":"1797","id":"17941043","zone":"1","cid":"25869855","src":"YT","speaker":"b_AtRE0hDbw","ban":"0"},{"display":"of decorum, um, that we might ascribe to many","seg":null,"vid":"tERvHMTRfg0","start":"418","id":"20200439","zone":"1","cid":"30638816","src":"YT","speaker":"tERvHMTRfg0","ban":"0"},{"display":"It's much more effective not to try to ascribe a single motive","seg":null,"vid":"HyVvjAdbaaQ","start":"1932","id":"17957520","zone":"1","cid":"25888627","src":"YT","speaker":"HyVvjAdbaaQ","ban":"0"},{"display":"ascribe to all that endeavor, purpose and meaning that's significant. First is the need","seg":null,"vid":"v7Aio3jl0Z8","start":"563","id":"5662047","zone":"1","cid":"5776624","src":"YT","speaker":"v7Aio3jl0Z8","ban":"0"},{"display":"really no way to predict, and while I've enjoyed my time in the Navy, I certainly don't ascribe","seg":null,"vid":"g_c0EgRs-gc","start":"3208","id":"16721537","zone":"1","cid":"23017568","src":"YT","speaker":"g_c0EgRs-gc","ban":"0"},{"display":"Do you ascribe to that, or what are your thoughts on that?","seg":null,"vid":"6sbBv08e_7A","start":"2450","id":"23131356","zone":"1","cid":"35231226","src":"YT","speaker":"6sbBv08e_7A","ban":"0"},{"display":"not changing. It's absurd to ascribe every change in the world today tp the digital.","seg":null,"vid":"bnD3CjrMcm8","start":"23","id":"22419268","zone":"2","cid":"34244110","src":"YT","speaker":"bnD3CjrMcm8","ban":"0"},{"display":"And so let you and everything that you are, God, be the very thing that they ascribe to","seg":null,"vid":"zmiiYZWEfOQ","start":"1787","id":"5060936","zone":"1","cid":"5165592","src":"YT","speaker":"zmiiYZWEfOQ","ban":"0"}]}