{"total_results":"99","total":"10","altered_query":"aural","hc":"164310","results":[{"display":"and its history of being an art form that was both aural, but in which performers and","seg":null,"vid":"IFyagCRiKb8","start":"1628","id":"4836686","zone":"1","cid":"4935491","src":"YT","speaker":"IFyagCRiKb8","ban":"0"},{"display":"is also an art form that people share in a more aural way. And it is deeply entrenched","seg":null,"vid":"IFyagCRiKb8","start":"1651","id":"4836689","zone":"1","cid":"4935494","src":"YT","speaker":"IFyagCRiKb8","ban":"0"},{"display":"future generations. They are able to rescue the content, the visual and aural","seg":null,"vid":"LaMZOR67kjA","start":"175","id":"11440963","zone":"1","cid":"14196879","src":"YT","speaker":"LaMZOR67kjA","ban":"0"},{"display":"That can lead to poor inter-aural phase discrimination, poor frequency discrimination","seg":null,"vid":"imQU-lqbPoY","start":"1858","id":"33603949","zone":"1","cid":"51719811","src":"YT","speaker":"imQU-lqbPoY","ban":"0"},{"display":"or even aural atresia, which is the absence of an ear canal.","seg":null,"vid":"MFwqYkUvra4","start":"130","id":"49235724","zone":"1","cid":"76414526","src":"YT","speaker":null,"ban":"0"},{"display":"for a sec aural sex may turn out not can only guess that spur","seg":null,"vid":"ZMnm0C1oyfU","start":"452","id":"58491872","zone":"1","cid":"86196124","src":"YT","speaker":null,"ban":"0"},{"display":"Some people are more visual, other are more aural.","seg":null,"vid":"-0Rz5eaIOnc","start":"1895","id":"2398104","zone":"1","cid":"2446066","src":"YT","speaker":"-0Rz5eaIOnc","ban":"0"},{"display":"assistive technology service, our aural rehabilitation classes, individual and/or","seg":null,"vid":"d-nXSedZF_Y","start":"499","id":"2900003","zone":"1","cid":"2956253","src":"YT","speaker":"d-nXSedZF_Y","ban":"0"},{"display":"I originally started training to become an aural rehabilitation therapist","seg":null,"vid":"d-nXSedZF_Y","start":"231","id":"2899956","zone":"1","cid":"2956206","src":"YT","speaker":"d-nXSedZF_Y","ban":"0"},{"display":"help transmit the sound from the air drum to your aural","seg":null,"vid":"5nN1PekyYZ4","start":"315","id":"2246912","zone":"1","cid":"2291997","src":"YT","speaker":"5nN1PekyYZ4","ban":"0"}]}