{"total_results":"1304","total":"10","altered_query":"authoritative","hc":"164310","results":[{"display":"- very authoritative figures in the science field -","seg":null,"vid":"xF5V9r7_ZHI","start":"93","id":"48015676","zone":"1","cid":"75077870","src":"YT","speaker":null,"ban":"0"},{"display":"This is the most authoritative human being on the planet with his hands on","seg":null,"vid":"gbKfF8Rt_fk","start":"1242","id":"52628948","zone":"1","cid":"80144717","src":"YT","speaker":null,"ban":"0"},{"display":"I am an authorized spokesman of the living, reigning, all-authoritative","seg":null,"vid":"gbKfF8Rt_fk","start":"1999","id":"52629118","zone":"1","cid":"80144887","src":"YT","speaker":null,"ban":"0"},{"display":"considered authoritative for papers and other academic research. Number five,","seg":null,"vid":"lzlY3RpTFRY","start":"193","id":"52586841","zone":"1","cid":"80102069","src":"YT","speaker":null,"ban":"0"},{"display":"and I think even Vox was citing these and other scholars, looked very authoritative","seg":null,"vid":"QztzgPJA3iE","start":"686","id":"19882739","zone":"1","cid":"30076806","src":"YT","speaker":"QztzgPJA3iE","ban":"0"},{"display":"authoritative set of notes.","seg":null,"vid":"NQsKYXtShMY","start":"199","id":"17294475","zone":"1","cid":"24988005","src":"YT","speaker":"NQsKYXtShMY","ban":"0"},{"display":"Word of God that is authoritative. >>It's the Word","seg":null,"vid":"b8OU2FWRFlQ","start":"1362","id":"5473885","zone":"1","cid":"5584408","src":"YT","speaker":"b8OU2FWRFlQ","ban":"0"},{"display":"That is, politicians consider scientists authoritative to the extent","seg":null,"vid":"_2lbWMVfxNs","start":"511","id":"20858129","zone":"1","cid":"31935522","src":"YT","speaker":"_2lbWMVfxNs","ban":"0"},{"display":"It's just that they shouldn't be the authoritative source","seg":null,"vid":"KvE9j2vTpSg","start":"2228","id":"16651665","zone":"1","cid":"22895611","src":"YT","speaker":"KvE9j2vTpSg","ban":"0"},{"display":"to perform a senior authoritative political role,","seg":null,"vid":"dbzF4hBeBkk","start":"1082","id":"22781015","zone":"2","cid":"34731658","src":"YT","speaker":"dbzF4hBeBkk","ban":"0"}]}