{"total_results":"4051","total":"10","altered_query":"automation","hc":"164310","results":[{"display":"And as we face up to the challenges of climate change and automation,","seg":null,"vid":"gJzSWacrkKo","start":"392","id":"48025247","zone":"15","cid":"75087442","src":"YT","speaker":null,"ban":"0"},{"display":"No, I think businesses are looking at automation,","seg":null,"vid":"KVvYH6Kkj_s","start":"2397","id":"48100773","zone":"1","cid":"75383528","src":"YT","speaker":null,"ban":"0"},{"display":"I think the automation revolution was coming","seg":null,"vid":"KVvYH6Kkj_s","start":"2411","id":"48100780","zone":"1","cid":"75383535","src":"YT","speaker":null,"ban":"0"},{"display":"a sophisticated monitoring and automation system","seg":null,"vid":"z9jXW9r1xr8","start":"289","id":"50582148","zone":"1","cid":"77879222","src":"YT","speaker":null,"ban":"0"},{"display":"robotics in automation is used extensively in large-scale facilities.","seg":null,"vid":"z9jXW9r1xr8","start":"417","id":"50582189","zone":"1","cid":"77879263","src":"YT","speaker":null,"ban":"0"},{"display":"But with the rise of automation across so many different industries,","seg":null,"vid":"q-GXV4Fd1oA","start":"28","id":"50597317","zone":"1","cid":"77898946","src":"YT","speaker":null,"ban":"0"},{"display":"How does our desire for perfection, precision and automation","seg":null,"vid":"q-GXV4Fd1oA","start":"40","id":"50597322","zone":"1","cid":"77898951","src":"YT","speaker":null,"ban":"0"},{"display":"I'm going to be honest, I'm a doubter of the automation apocalypse theories.","seg":null,"vid":"F4ak6GWD79Q","start":"5","id":"50663873","zone":"1","cid":"77972192","src":"YT","speaker":null,"ban":"0"},{"display":"Decreasing the prices, the efficiency, the automation.","seg":null,"vid":"kB0bST5ahPk","start":"210","id":"53331122","zone":"1","cid":"80934371","src":"YT","speaker":null,"ban":"0"},{"display":"It's an audiobook that looks at the future of automation.","seg":null,"vid":"LwUSGZukBXA","start":"203","id":"57213909","zone":"1","cid":"89216585","src":"YT","speaker":null,"ban":"0"}]}