{"total_results":"342","total":"10","altered_query":"bibliography","hc":"164310","results":[{"display":"listed the entire bibliography of that book,","seg":null,"vid":"EdRV8ccyEE0","start":"2712","id":"4751999","zone":"2","cid":"4849595","src":"YT","speaker":"EdRV8ccyEE0","ban":"0"},{"display":"and I could suggest that, you know, we develop a common bibliography, and I could get us","seg":null,"vid":"9K4A7e3clMM","start":"4665","id":"3808453","zone":"1","cid":"3883612","src":"YT","speaker":"9K4A7e3clMM","ban":"0"},{"display":"So we create a bibliography for every project and what","seg":null,"vid":"dcFENHMfd60","start":"1415","id":"3883866","zone":"1","cid":"3961256","src":"YT","speaker":"dcFENHMfd60","ban":"0"},{"display":"the bibliography which constantly grows","seg":null,"vid":"dcFENHMfd60","start":"1429","id":"3883870","zone":"1","cid":"3961260","src":"YT","speaker":"dcFENHMfd60","ban":"0"},{"display":"contents pages, bibliography.","seg":null,"vid":"XoMzwpg88dk","start":"254","id":"3343732","zone":"12","cid":"3409512","src":"YT","speaker":"XoMzwpg88dk","ban":"0"},{"display":"collect books, and give you a bibliography that","seg":null,"vid":"o6qN0bj7go0","start":"2545","id":"2609955","zone":"1","cid":"2660771","src":"YT","speaker":"o6qN0bj7go0","ban":"0"},{"display":"I wanted a book that had an annotated bibliography, that","seg":null,"vid":"jCOUS0PkSfo","start":"2226","id":"2615653","zone":"1","cid":"2666587","src":"YT","speaker":"jCOUS0PkSfo","ban":"0"},{"display":"bibliography and I think what makes up","seg":null,"vid":"nHuHn3vxePg","start":"710","id":"7698514","zone":"1","cid":"8424166","src":"YT","speaker":"nHuHn3vxePg","ban":"0"},{"display":"bibliography. You don't have enough","seg":null,"vid":"nHuHn3vxePg","start":"665","id":"7698497","zone":"1","cid":"8424149","src":"YT","speaker":"nHuHn3vxePg","ban":"0"},{"display":"bibliography and they all look like me.","seg":null,"vid":"nHuHn3vxePg","start":"723","id":"7698519","zone":"1","cid":"8424171","src":"YT","speaker":"nHuHn3vxePg","ban":"0"}]}