{"total_results":"204","total":"10","altered_query":"bristle","hc":"164310","results":[{"display":"Um, but I bristle just a little bit because uh,","seg":null,"vid":"IQmWyXgakP4","start":"1539","id":"22206758","zone":"1","cid":"33947322","src":"YT","speaker":"IQmWyXgakP4","ban":"0"},{"display":"of bristle at any suggestion that the media is too blank.","seg":null,"vid":"l9KW3GtWm30","start":"2749","id":"22807141","zone":"1","cid":"34769580","src":"YT","speaker":"l9KW3GtWm30","ban":"0"},{"display":">> FALLIN: I have an old bristle","seg":null,"vid":"5TRs9Ifobcs","start":"663","id":"22865992","zone":"1","cid":"34866460","src":"YT","speaker":"5TRs9Ifobcs","ban":"0"},{"display":"They're the bristle cone pines.","seg":null,"vid":"nzK4do_RWuA","start":"417","id":"4048633","zone":"1","cid":"4128727","src":"YT","speaker":"nzK4do_RWuA","ban":"0"},{"display":"Do you bristle at that notion that any of this stuff means","seg":null,"vid":"MskVWa8VL9o","start":"964","id":"7813360","zone":"1","cid":"8659329","src":"YT","speaker":"MskVWa8VL9o","ban":"0"},{"display":"trenches. They bristle with machinegun positions; and are anchored on fortified villages and","seg":null,"vid":"XqvALkpsfRo","start":"177","id":"12130857","zone":"2","cid":"15054249","src":"YT","speaker":"XqvALkpsfRo","ban":"0"},{"display":"he could sometimes bristle at people who were maybe a little too forthcoming about their","seg":null,"vid":"h7wQZArKk2k","start":"136","id":"26670229","zone":"1","cid":"40525776","src":"YT","speaker":"h7wQZArKk2k","ban":"0"},{"display":"And that's when your members are gonna to bristle.\"","seg":null,"vid":"gHRu-dFwbB4","start":"540","id":"27519752","zone":"1","cid":"41862352","src":"YT","speaker":"gHRu-dFwbB4","ban":"0"},{"display":"every curly fiber until the bristle lies quietly","seg":null,"vid":"LV4YStoxa0c","start":"1587","id":"34505511","zone":"1","cid":"53287111","src":"YT","speaker":"LV4YStoxa0c","ban":"0"},{"display":"to bristle at the notion of privilege.","seg":null,"vid":"NWXDcUPB95g","start":"902","id":"25049277","zone":"1","cid":"38280270","src":"YT","speaker":"NWXDcUPB95g","ban":"0"}]}