{"total_results":"1920","total":"10","altered_query":"competence","hc":"164310","results":[{"display":"of competence that a man might be given. If you look different, you're not given the presumption","seg":null,"vid":"WEnrfhygOQY","start":"4876","id":"8709541","zone":"1","cid":"9986785","src":"YT","speaker":"WEnrfhygOQY","ban":"0"},{"display":"of competence and what that means is the burden of proof, let me prove that I am competent,","seg":null,"vid":"WEnrfhygOQY","start":"4882","id":"8709542","zone":"1","cid":"9986786","src":"YT","speaker":"WEnrfhygOQY","ban":"0"},{"display":"is much more heavily associated with competence traits compared","seg":null,"vid":"rlQRCmDqjBU","start":"1789","id":"17879210","zone":"12","cid":"25782268","src":"YT","speaker":"rlQRCmDqjBU","ban":"0"},{"display":"And men with the competence assertiveness related traits","seg":null,"vid":"rlQRCmDqjBU","start":"1783","id":"17879208","zone":"12","cid":"25782266","src":"YT","speaker":"rlQRCmDqjBU","ban":"0"},{"display":"How do you actually show competence against a set","seg":null,"vid":"rlQRCmDqjBU","start":"2175","id":"17879365","zone":"12","cid":"25782425","src":"YT","speaker":"rlQRCmDqjBU","ban":"0"},{"display":"If you don't have the competence to help me,","seg":null,"vid":"b_AtRE0hDbw","start":"1103","id":"17940757","zone":"1","cid":"25869566","src":"YT","speaker":"b_AtRE0hDbw","ban":"0"},{"display":"with those warmth / competence factors.","seg":null,"vid":"rlQRCmDqjBU","start":"2222","id":"17879383","zone":"12","cid":"25782445","src":"YT","speaker":"rlQRCmDqjBU","ban":"0"},{"display":"competence, competence to stay on trial, to be punished, to be held responsible.","seg":null,"vid":"4EP96bW2WnU","start":"56","id":"19890465","zone":"1","cid":"30085324","src":"YT","speaker":"4EP96bW2WnU","ban":"0"},{"display":"Everything from lie detection to competence, certainly in my area of law; individuals'","seg":null,"vid":"4EP96bW2WnU","start":"48","id":"19890464","zone":"1","cid":"30085323","src":"YT","speaker":"4EP96bW2WnU","ban":"0"},{"display":"with competence.","seg":null,"vid":"vkNVN236M20","start":"533","id":"19125519","zone":"1","cid":"29057350","src":"YT","speaker":"vkNVN236M20","ban":"0"}]}