{"total_results":"219","total":"10","altered_query":"consequent","hc":"164310","results":[{"display":"then any costs order consequent upon that judgment debt would also be provable,","seg":null,"vid":"mrudsqSTClw","start":"2842","id":"5763726","zone":"12","cid":"5881613","src":"YT","speaker":"mrudsqSTClw","ban":"0"},{"display":"the consequent.","seg":null,"vid":"xvcy3I6XrSg","start":"3547","id":"22617515","zone":"1","cid":"34499911","src":"YT","speaker":"xvcy3I6XrSg","ban":"0"},{"display":">> And consequent -- and the other way around, from the nonsensical --","seg":null,"vid":"-jzi731hbj0","start":"2509","id":"3815439","zone":"1","cid":"3890677","src":"YT","speaker":"-jzi731hbj0","ban":"0"},{"display":"means we use for threading through the consequent maze to momentarily important items is the","seg":null,"vid":"vajSK1jV56A","start":"730","id":"2515370","zone":"1","cid":"2564870","src":"YT","speaker":"vajSK1jV56A","ban":"0"},{"display":"to real action consequent upon it...","seg":null,"vid":"ZeqqOxIhtBw","start":"718","id":"7749003","zone":"1","cid":"8499839","src":"YT","speaker":"ZeqqOxIhtBw","ban":"0"},{"display":"comes consequent on sin--whatever a man sows, he reaps. There is cataclysmic wrath. That","seg":null,"vid":"h0GqVyYYfHc","start":"48","id":"7904588","zone":"1","cid":"8823718","src":"YT","speaker":"h0GqVyYYfHc","ban":"0"},{"display":"\"Receiving in their persons the due penalty\" is the diseases that come consequent to homosexual","seg":null,"vid":"h0GqVyYYfHc","start":"260","id":"7904619","zone":"1","cid":"8823749","src":"YT","speaker":"h0GqVyYYfHc","ban":"0"},{"display":"in moving many of these policies and consequent levels","seg":null,"vid":"upuYeLpcUxg","start":"2337","id":"7151548","zone":"1","cid":"7828153","src":"YT","speaker":"upuYeLpcUxg","ban":"0"},{"display":"and C stands for the Consequent emotion that we feel through our interpretation.","seg":null,"vid":"XuwYvFlNGns","start":"280","id":"6543102","zone":"2","cid":"6675866","src":"YT","speaker":"XuwYvFlNGns","ban":"0"},{"display":"the consequent result of elections. You've got,","seg":null,"vid":"9gNdUnkiGK4","start":"1177","id":"5902907","zone":"1","cid":"6027462","src":"YT","speaker":"9gNdUnkiGK4","ban":"0"}]}