{"total_results":"1007","total":"10","altered_query":"denote","hc":"164310","results":[{"display":"And then in C, you don't write a-n-d to denote the","seg":null,"vid":"NQsKYXtShMY","start":"1031","id":"17294824","zone":"1","cid":"24988358","src":"YT","speaker":"NQsKYXtShMY","ban":"0"},{"display":"%d is going to denote a decimal number.","seg":null,"vid":"NQsKYXtShMY","start":"940","id":"17294789","zone":"1","cid":"24988322","src":"YT","speaker":"NQsKYXtShMY","ban":"0"},{"display":"which we denote as 'i',","seg":null,"vid":"L-6JAPXvQQ4","start":"858","id":"2987624","zone":"1","cid":"3046142","src":"YT","speaker":"L-6JAPXvQQ4","ban":"0"},{"display":"The shape of the lines denote how much information","seg":null,"vid":"C1hTKfHgVX8","start":"1412","id":"3441434","zone":"1","cid":"3508877","src":"YT","speaker":"C1hTKfHgVX8","ban":"0"},{"display":"and the symbols we use to denote it \"Arabic numerals.\"","seg":null,"vid":"QV7CanyzhZg","start":"460","id":"6939482","zone":"1","cid":"7369182","src":"YT","speaker":"QV7CanyzhZg","ban":"0"},{"display":"to denote anyone who has died and gone to heaven. Other times it may refer to an especially","seg":null,"vid":"8tE8SotEDNU","start":"246","id":"10221837","zone":"1","cid":"12445376","src":"YT","speaker":"8tE8SotEDNU","ban":"0"},{"display":"neural pathways of a brain scan onto the face, using blue to denote depression as we saw","seg":null,"vid":"Kbeo7lFs698","start":"1068","id":"10455446","zone":"2","cid":"12925378","src":"YT","speaker":"Kbeo7lFs698","ban":"0"},{"display":"\"Middle-class used to denote comfort and security.","seg":null,"vid":"yIdE2yBhMNs","start":"107","id":"23878403","zone":"1","cid":"36253989","src":"YT","speaker":"yIdE2yBhMNs","ban":"0"},{"display":"ground is used to denote the heavenly realm and the divine sphere. A work such","seg":null,"vid":"2YNmjRq_XB4","start":"342","id":"34189243","zone":"2","cid":"52752964","src":"YT","speaker":"2YNmjRq_XB4","ban":"0"},{"display":"If we want to denote that something is natural, we might use the colors green or brown.","seg":null,"vid":"RCd8j9Clzo0","start":"12","id":"43346081","zone":"1","cid":"69332224","src":"YT","speaker":"RCd8j9Clzo0","ban":"0"}]}