{"total_results":"6","total":"6","altered_query":"depute","hc":"164310","results":[{"display":"Who can fire the depute OGE and the people in it?","seg":null,"vid":"2iZlMbcFZbc","start":"3297","id":"28502364","zone":"1","cid":"43658171","src":"YT","speaker":"2iZlMbcFZbc","ban":"0"},{"display":"Hillpark Secondary school in the south side of Glasgow. hey I've ben a depute for eight years","seg":null,"vid":"cIZkEoVK1ls","start":"25","id":"49149115","zone":"15","cid":"76327892","src":"YT","speaker":null,"ban":"0"},{"display":"a promoted member of staff as a depute but again if you have any ambitions","seg":null,"vid":"cIZkEoVK1ls","start":"353","id":"49149191","zone":"15","cid":"76327968","src":"YT","speaker":null,"ban":"0"},{"display":"to become to move on beyond depute post becoming a head teacher for example anybody I've","seg":null,"vid":"cIZkEoVK1ls","start":"356","id":"49149192","zone":"15","cid":"76327969","src":"YT","speaker":null,"ban":"0"},{"display":"Je me suis lancée en politique fédérale en 1997 comme député","seg":null,"vid":"CeNQmJEW7gA","start":"191","id":"21836988","zone":"1","cid":"33424785","src":"YT","speaker":"CeNQmJEW7gA","ban":"0"},{"display":"député pour la circonscription de","seg":null,"vid":"KlTL8PYYZ5E","start":"266","id":"21835553","zone":"1","cid":"33423328","src":"YT","speaker":"KlTL8PYYZ5E","ban":"0"}]}