{"total_results":"27","total":"10","altered_query":"despatch","hc":"164310","results":[{"display":"and made irreconcilable by his despatch after Waterloo,","seg":null,"vid":"3HTUyYa4qHE","start":"2244","id":"8988037","zone":"2","cid":"10548554","src":"YT","speaker":"3HTUyYa4qHE","ban":"0"},{"display":"would stand at this despatch box.","seg":null,"vid":"ENIW7i48xHA","start":"144","id":"13331436","zone":"2","cid":"17188342","src":"YT","speaker":"ENIW7i48xHA","ban":"0"},{"display":"This is called the government despatch box, so any minister, including the","seg":null,"vid":"q5OmH0tqyQY","start":"135","id":"13324453","zone":"2","cid":"17181081","src":"YT","speaker":"q5OmH0tqyQY","ban":"0"},{"display":"standing at the despatch box which is where government ministers lead with government","seg":null,"vid":"_sLZBWcPklk","start":"87","id":"13336679","zone":"2","cid":"17194372","src":"YT","speaker":"_sLZBWcPklk","ban":"0"},{"display":"official who is responsible for the security in the House of Commons. The Despatch Boxes","seg":null,"vid":"0ToKcEvqXuM","start":"61","id":"14265456","zone":"2","cid":"18599140","src":"YT","speaker":"0ToKcEvqXuM","ban":"0"},{"display":"despatch box, banging away, making statements.","seg":null,"vid":"ENIW7i48xHA","start":"156","id":"13331442","zone":"2","cid":"17188348","src":"YT","speaker":"ENIW7i48xHA","ban":"0"},{"display":"here for another. And the minister sits here at the despatch box, the civil servants sit","seg":null,"vid":"_sLZBWcPklk","start":"171","id":"13336697","zone":"2","cid":"17194391","src":"YT","speaker":"_sLZBWcPklk","ban":"0"},{"display":"that have been at that despatch box, banging away,","seg":null,"vid":"q5OmH0tqyQY","start":"156","id":"13324461","zone":"2","cid":"17181089","src":"YT","speaker":"q5OmH0tqyQY","ban":"0"},{"display":"the minister sits here at the despatch box, the civil servants sit behind him and members","seg":null,"vid":"n4p6mTUqhd4","start":"173","id":"25589419","zone":"2","cid":"39097456","src":"YT","speaker":"n4p6mTUqhd4","ban":"0"},{"display":"at the despatch box which is where government ministers lead with government business.","seg":null,"vid":"n4p6mTUqhd4","start":"87","id":"25589402","zone":"2","cid":"39097439","src":"YT","speaker":"n4p6mTUqhd4","ban":"0"}]}