{"total_results":"351","total":"10","altered_query":"dishonor","hc":"164310","results":[{"display":"It is sown in dishonor, it is raised in glory.","seg":null,"vid":"P77QwI0p7j4","start":"2386","id":"52615974","zone":"1","cid":"80131728","src":"YT","speaker":null,"ban":"0"},{"display":"It's not fair to God, it's a dishonor to God to say, \"Well, the Bible is not clear.\"","seg":null,"vid":"QS9TkFFIW_E","start":"4480","id":"17122108","zone":"1","cid":"24745002","src":"YT","speaker":"QS9TkFFIW_E","ban":"0"},{"display":"because, of course, that would bring dishonor on the family.","seg":null,"vid":"WJo98LfIfEA","start":"611","id":"17257061","zone":"1","cid":"24924874","src":"YT","speaker":"WJo98LfIfEA","ban":"0"},{"display":"dishonor. It is raised in glory. It is sown in wickedness. It is raised in","seg":null,"vid":"bdfZMHdwiZ0","start":"242","id":"5637255","zone":"1","cid":"5751270","src":"YT","speaker":"bdfZMHdwiZ0","ban":"0"},{"display":"Now this is interesting, he did not want to disgrace or dishonor Jesus by coming into","seg":null,"vid":"OI1fVBgxpi4","start":"1147","id":"21051225","zone":"1","cid":"32258983","src":"YT","speaker":"OI1fVBgxpi4","ban":"0"},{"display":"homes. And you know what? He didn't want to bring any dishonor to Jesus.","seg":null,"vid":"OI1fVBgxpi4","start":"1165","id":"21051228","zone":"1","cid":"32258986","src":"YT","speaker":"OI1fVBgxpi4","ban":"0"},{"display":"It is sown in dishonor, raised in glory. It is sown in weakness. It is raised in","seg":null,"vid":"bdfZMHdwiZ0","start":"1348","id":"5637419","zone":"1","cid":"5751434","src":"YT","speaker":"bdfZMHdwiZ0","ban":"0"},{"display":"mainly by means of shame and dishonor, not by judicial punishments. Misbehavior of this","seg":null,"vid":"ZcNC7G40s1o","start":"2374","id":"4347012","zone":"1","cid":"4435429","src":"YT","speaker":"ZcNC7G40s1o","ban":"0"},{"display":"and the unholiness and the foolishness and even the demonic elements that dishonor the","seg":null,"vid":"jRqD89ZBWyg","start":"3682","id":"1027767","zone":"1","cid":"1047891","src":"YT","speaker":"jRqD89ZBWyg","ban":"0"},{"display":"all these things are attributed to the Holy Spirit but they are a dishonor to Him that","seg":null,"vid":"jRqD89ZBWyg","start":"1221","id":"1027399","zone":"1","cid":"1047523","src":"YT","speaker":"jRqD89ZBWyg","ban":"0"}]}