{"total_results":"46","total":"10","altered_query":"displease","hc":"164310","results":[{"display":"going to displease the people that I love most, or it might just be that there's","seg":null,"vid":"t_C5UObGLjI","start":"350","id":"46413713","zone":"1","cid":"72978515","src":"YT","speaker":"t_C5UObGLjI","ban":"0"},{"display":"it's going to have to pass laws that displease some people.","seg":null,"vid":"1rTEOU67zCo","start":"684","id":"41763215","zone":"2","cid":"66902347","src":"YT","speaker":"1rTEOU67zCo","ban":"0"},{"display":"It will displease conservatives, and it will displease liberals,","seg":null,"vid":"NvpALjZ83GM","start":"2999","id":"58595920","zone":"1","cid":"86300406","src":"YT","speaker":null,"ban":"0"},{"display":"so much, that you don't want to do anything to displease him.","seg":null,"vid":"8ciOBQChA_A","start":"2408","id":"57704052","zone":"1","cid":"85410045","src":"YT","speaker":null,"ban":"0"},{"display":"You're afraid that would do something that would displease","seg":null,"vid":"8ciOBQChA_A","start":"2411","id":"57704053","zone":"1","cid":"85410046","src":"YT","speaker":null,"ban":"0"},{"display":"anything that may displease Him. When our minds are thus employed","seg":null,"vid":"KLK7j8qSW_g","start":"3449","id":"1277513","zone":"1","cid":"1302933","src":"YT","speaker":"KLK7j8qSW_g","ban":"0"},{"display":"father that might displease her mother.","seg":null,"vid":"62xSSqDfLQA","start":"1652","id":"8214795","zone":"1","cid":"9267921","src":"YT","speaker":"62xSSqDfLQA","ban":"0"},{"display":"nothing which may displease Him. I hope that when I have done what I","seg":null,"vid":"KLK7j8qSW_g","start":"1663","id":"1277069","zone":"1","cid":"1302488","src":"YT","speaker":"KLK7j8qSW_g","ban":"0"},{"display":"nothing, say nothing, and think nothing which may displease Him; and","seg":null,"vid":"KLK7j8qSW_g","start":"2074","id":"1277169","zone":"1","cid":"1302588","src":"YT","speaker":"KLK7j8qSW_g","ban":"0"},{"display":"our offending Him, and doing anything that may displease Him, at least","seg":null,"vid":"KLK7j8qSW_g","start":"1454","id":"1277018","zone":"1","cid":"1302437","src":"YT","speaker":"KLK7j8qSW_g","ban":"0"}]}