{"total_results":"45","total":"10","altered_query":"elapse","hc":"164310","results":[{"display":"The problem was that the more time I let elapse between singing engagements,","seg":null,"vid":"AJYRJ92g4GI","start":"328","id":"20841426","zone":"1","cid":"31912038","src":"YT","speaker":"AJYRJ92g4GI","ban":"0"},{"display":"But that's the Time Elapse Argument in a nutshell, and it's","seg":null,"vid":"ZlgyxQJHHcY","start":"2049","id":"22858575","zone":"1","cid":"34855472","src":"YT","speaker":"ZlgyxQJHHcY","ban":"0"},{"display":"church at Rome to whom he wrote that a short time would elapse and then they would see","seg":null,"vid":"hFTl9KM3JNM","start":"2036","id":"7915917","zone":"1","cid":"8836465","src":"YT","speaker":"hFTl9KM3JNM","ban":"0"},{"display":"at mission elapse, time such and such,","seg":null,"vid":"okZuN_aSpL8","start":"2099","id":"3224061","zone":"1","cid":"3285862","src":"YT","speaker":"okZuN_aSpL8","ban":"0"},{"display":"This is our last point for today, and it is what I call the Time Elapse Argument or (TEA).","seg":null,"vid":"ZlgyxQJHHcY","start":"1888","id":"22858541","zone":"1","cid":"34855438","src":"YT","speaker":"ZlgyxQJHHcY","ban":"0"},{"display":"of Jesse. Not a whiff of indication that seven hundred years might elapse between","seg":null,"vid":"RHhGZS-E4es","start":"269","id":"16008483","zone":"1","cid":"21631469","src":"YT","speaker":"RHhGZS-E4es","ban":"0"},{"display":"And that period of time must elapse for it to attract","seg":null,"vid":"Hla-zbNrcyg","start":"3311","id":"22698286","zone":"1","cid":"34605482","src":"YT","speaker":"Hla-zbNrcyg","ban":"0"},{"display":"and then President Obama allowed the cuts to elapse","seg":null,"vid":"f2hebOQrFr0","start":"1671","id":"21829855","zone":"1","cid":"33416612","src":"YT","speaker":"f2hebOQrFr0","ban":"0"},{"display":"You will be more likely to give up before the 30 minutes elapse,","seg":null,"vid":"5tal0NkWW1E","start":"386","id":"26717674","zone":"1","cid":"40606965","src":"YT","speaker":"5tal0NkWW1E","ban":"0"},{"display":"or are you giving up before the 30 minutes elapse?","seg":null,"vid":"5tal0NkWW1E","start":"383","id":"26717673","zone":"1","cid":"40606964","src":"YT","speaker":"5tal0NkWW1E","ban":"0"}]}