{"total_results":"813","total":"10","altered_query":"elicit","hc":"164310","results":[{"display":"or in any way to elicit any kind of sympathy.","seg":null,"vid":"oKtALHe3Y9Q","start":"305","id":"14821137","zone":"1","cid":"19682766","src":"YT","speaker":"oKtALHe3Y9Q","ban":"0"},{"display":"Self-awareness, so uh, how do you elicit that?","seg":null,"vid":"qc6ctN5-xX0","start":"691","id":"7082443","zone":"1","cid":"7688999","src":"YT","speaker":"qc6ctN5-xX0","ban":"0"},{"display":"in situations that might elicit a negative evaluation,","seg":null,"vid":"Doqr0HdMXOI","start":"432","id":"50579590","zone":"1","cid":"77876321","src":"YT","speaker":null,"ban":"0"},{"display":"Because those kinds of thinking do not elicit emotional distress","seg":null,"vid":"fc3c3OrpKSI","start":"271","id":"50581004","zone":"1","cid":"77877735","src":"YT","speaker":null,"ban":"0"},{"display":"Other cues, like the buzzing of a wasp, elicit very negative emotions","seg":null,"vid":"ZK7ih4V0erc","start":"271","id":"59720721","zone":"2","cid":"89343910","src":"YT","speaker":null,"ban":"0"},{"display":"Finding specific neural circuits that can elicit dramatic changes","seg":null,"vid":"Fu1Zi1PYqos","start":"386","id":"59735841","zone":"1","cid":"89363252","src":"YT","speaker":null,"ban":"0"},{"display":"based on the behaviors we elicit when we target this pathway.","seg":null,"vid":"Fu1Zi1PYqos","start":"479","id":"59735871","zone":"1","cid":"89363282","src":"YT","speaker":null,"ban":"0"},{"display":"global companies who employ people around the world, and try to elicit from them","seg":null,"vid":"84BFkeLCc4Y","start":"2943","id":"19254563","zone":"1","cid":"29222343","src":"YT","speaker":"84BFkeLCc4Y","ban":"0"},{"display":"oppression, or ever crisis can or should elicit an American military response. We must always","seg":null,"vid":"rNUogiQeVuA","start":"1088","id":"19034921","zone":"1","cid":"28912219","src":"YT","speaker":"rNUogiQeVuA","ban":"0"},{"display":"elicit different types of brain activity.","seg":null,"vid":"Hqd1B7g2I3I","start":"2215","id":"17948918","zone":"1","cid":"25877816","src":"YT","speaker":"Hqd1B7g2I3I","ban":"0"}]}