{"total_results":"448","total":"10","altered_query":"exemplify","hc":"164310","results":[{"display":"\"I want you to exemplify God to these people.","seg":null,"vid":"wqvOR8HNQZ8","start":"845","id":"18419297","zone":"1","cid":"27704464","src":"YT","speaker":"wqvOR8HNQZ8","ban":"0"},{"display":"They perfectly exemplify what we don't","seg":null,"vid":"MfnSTr6-1g4","start":"725","id":"17968688","zone":"1","cid":"25902893","src":"YT","speaker":"MfnSTr6-1g4","ban":"0"},{"display":"So rituals kind of perfectly exemplify why we don't like","seg":null,"vid":"MfnSTr6-1g4","start":"719","id":"17968686","zone":"1","cid":"25902891","src":"YT","speaker":"MfnSTr6-1g4","ban":"0"},{"display":"And another way to exemplify this","seg":null,"vid":"cqwJHasGT9w","start":"1751","id":"22700744","zone":"1","cid":"34610493","src":"YT","speaker":"cqwJHasGT9w","ban":"0"},{"display":"But the students that we selected exemplify what GSAS","seg":null,"vid":"_7hgn-3VJWM","start":"426","id":"21967708","zone":"1","cid":"33622317","src":"YT","speaker":"_7hgn-3VJWM","ban":"0"},{"display":"exemplify the culture of really diminishing brain injury that is prevalent in our community","seg":null,"vid":"OSzB1rzPL9w","start":"3847","id":"4162432","zone":"1","cid":"4244040","src":"YT","speaker":"OSzB1rzPL9w","ban":"0"},{"display":"tell you how they're connected. And so he really tried to exemplify the","seg":null,"vid":"0ILt-ERdb64","start":"915","id":"3449139","zone":"1","cid":"3516754","src":"YT","speaker":"0ILt-ERdb64","ban":"0"},{"display":"teaching in this country exemplify PETAA's leadership","seg":null,"vid":"PJd66Gwivts","start":"582","id":"7859177","zone":"12","cid":"8742379","src":"YT","speaker":"PJd66Gwivts","ban":"0"},{"display":"the beautiful drawing by Altdorfer here really seem to exemplify; the same, very traditional subject, but treated in quite revolutionary ways.","seg":null,"vid":"xHHuFx2Rta4","start":"2271","id":"2186041","zone":"2","cid":"2229679","src":"YT","speaker":"xHHuFx2Rta4","ban":"0"},{"display":"even though it's portraying male figures that don't exemplify, you know, human beauty in a traditional sense.","seg":null,"vid":"xHHuFx2Rta4","start":"2623","id":"2186110","zone":"1","cid":"2229748","src":"YT","speaker":"xHHuFx2Rta4","ban":"0"}]}