{"total_results":"893","total":"10","altered_query":"facet","hc":"164310","results":[{"display":"I embedded myself in every intimate facet of Shea's life.","seg":null,"vid":"Cvl2tHwuvzk","start":"71","id":"50602522","zone":"1","cid":"77904759","src":"YT","speaker":null,"ban":"0"},{"display":"This is one facet of some arguments against CRISPR","seg":null,"vid":"juuDc4UzMOg","start":"410","id":"53351884","zone":"1","cid":"80955674","src":"YT","speaker":null,"ban":"0"},{"display":"And yes, that's a facet of it, but what if we came and empowered","seg":null,"vid":"PoP-yQyaXec","start":"195","id":"52612548","zone":"1","cid":"80128299","src":"YT","speaker":null,"ban":"0"},{"display":"on New Year's Eve, you could see every facet of Gwen's life.","seg":null,"vid":"ZbpO2aw4o7g","start":"1075","id":"18038715","zone":"1","cid":"25989470","src":"YT","speaker":"ZbpO2aw4o7g","ban":"0"},{"display":"her excuse not to go out on New Year's Eve, you could see every facet of Gwen's life.","seg":null,"vid":"l_hwlPVtyCs","start":"1078","id":"18036221","zone":"1","cid":"25985280","src":"YT","speaker":"l_hwlPVtyCs","ban":"0"},{"display":"And to really live what it means to be a woman, you want to be a virtuoso of every facet of","seg":null,"vid":"VFSpbT64tzM","start":"1100","id":"18738770","zone":"1","cid":"28415755","src":"YT","speaker":"VFSpbT64tzM","ban":"0"},{"display":"the national health exchange and others. That's only one -- that's one facet of the difficulty","seg":null,"vid":"ckoxFMBDDCI","start":"3288","id":"5188779","zone":"1","cid":"5295464","src":"YT","speaker":"ckoxFMBDDCI","ban":"0"},{"display":"business and you know, just like, looking at every facet of your family and everybody","seg":null,"vid":"zmiiYZWEfOQ","start":"1137","id":"5060806","zone":"1","cid":"5165460","src":"YT","speaker":"zmiiYZWEfOQ","ban":"0"},{"display":"But an interesting facet of this that I want to stress now is that the purpose of","seg":null,"vid":"dpBER29p4PY","start":"1120","id":"5324712","zone":"1","cid":"5432874","src":"YT","speaker":"dpBER29p4PY","ban":"0"},{"display":"A society that, by and large, understood every facet","seg":null,"vid":"NwmGTM5Py8Y","start":"40","id":"5321524","zone":"1","cid":"5429684","src":"YT","speaker":"NwmGTM5Py8Y","ban":"0"}]}