{"total_results":"159","total":"10","altered_query":"gaol","hc":"164310","results":[{"display":"that of course the women that I met in gaol are still in gaol.","seg":null,"vid":"4T5pwhZeVR0","start":"2559","id":"17881294","zone":"1","cid":"25787549","src":"YT","speaker":"4T5pwhZeVR0","ban":"0"},{"display":"and the women's gaol are side-by-side.","seg":null,"vid":"4T5pwhZeVR0","start":"2600","id":"17881308","zone":"1","cid":"25787563","src":"YT","speaker":"4T5pwhZeVR0","ban":"0"},{"display":"in Mexico City the men's gaol","seg":null,"vid":"4T5pwhZeVR0","start":"2599","id":"17881307","zone":"1","cid":"25787562","src":"YT","speaker":"4T5pwhZeVR0","ban":"0"},{"display":"with the women's gaol was on visitors day,","seg":null,"vid":"4T5pwhZeVR0","start":"2596","id":"17881306","zone":"1","cid":"25787561","src":"YT","speaker":"4T5pwhZeVR0","ban":"0"},{"display":"The third part of the novel takes place in the women's gaol.","seg":null,"vid":"4T5pwhZeVR0","start":"1228","id":"17880875","zone":"1","cid":"25787128","src":"YT","speaker":"4T5pwhZeVR0","ban":"0"},{"display":"So this is Aurora telling Lady Di why she's in gaol.","seg":null,"vid":"4T5pwhZeVR0","start":"1239","id":"17880877","zone":"1","cid":"25787130","src":"YT","speaker":"4T5pwhZeVR0","ban":"0"},{"display":"and a very important person in the gaol.","seg":null,"vid":"4T5pwhZeVR0","start":"3232","id":"17881529","zone":"1","cid":"25787787","src":"YT","speaker":"4T5pwhZeVR0","ban":"0"},{"display":"she is given the job of fumigating the gaol.","seg":null,"vid":"4T5pwhZeVR0","start":"1822","id":"17881048","zone":"1","cid":"25787301","src":"YT","speaker":"4T5pwhZeVR0","ban":"0"},{"display":"that the gaol was actually a really loving place.","seg":null,"vid":"4T5pwhZeVR0","start":"2582","id":"17881302","zone":"1","cid":"25787557","src":"YT","speaker":"4T5pwhZeVR0","ban":"0"},{"display":"And then in the gaol, in the women's gaol, at the end she --","seg":null,"vid":"4T5pwhZeVR0","start":"1813","id":"17881046","zone":"1","cid":"25787299","src":"YT","speaker":"4T5pwhZeVR0","ban":"0"}]}