{"total_results":"1505","total":"10","altered_query":"generalize","hc":"164310","results":[{"display":"It's hard to generalize these stages of adulthood because","seg":null,"vid":"PzyXGUCngoU","start":"365","id":"58799872","zone":"1","cid":"87974559","src":"YT","speaker":null,"ban":"0"},{"display":"It's because people generalize.","seg":null,"vid":"J6wYm3vFxxY","start":"1218","id":"17937797","zone":"1","cid":"25864031","src":"YT","speaker":"J6wYm3vFxxY","ban":"0"},{"display":"First, does this result generalize beyond Northern","seg":null,"vid":"z3gHVuhIMEI","start":"299","id":"19449755","zone":"1","cid":"29532545","src":"YT","speaker":"z3gHVuhIMEI","ban":"0"},{"display":"this is actually going to generalize","seg":null,"vid":"z3gHVuhIMEI","start":"261","id":"19449738","zone":"1","cid":"29532528","src":"YT","speaker":"z3gHVuhIMEI","ban":"0"},{"display":"Whereas men-- I'm sorry to generalize,","seg":null,"vid":"k3rz8Lg585U","start":"1390","id":"17947411","zone":"1","cid":"25876300","src":"YT","speaker":"k3rz8Lg585U","ban":"0"},{"display":"So we can't generalize like this.","seg":null,"vid":"hc1HWIocSCw","start":"3870","id":"17346080","zone":"1","cid":"25048451","src":"YT","speaker":"hc1HWIocSCw","ban":"0"},{"display":"and to make sure that you generalize those understandings","seg":null,"vid":"iQ5nz8_w3y0","start":"521","id":"17105551","zone":"1","cid":"24691641","src":"YT","speaker":"iQ5nz8_w3y0","ban":"0"},{"display":"that we are reporting it in a way that does not generalize","seg":null,"vid":"jgnqlZUI4n8","start":"598","id":"22185718","zone":"1","cid":"33920295","src":"YT","speaker":"jgnqlZUI4n8","ban":"0"},{"display":"is going to help a little bit, but it seems that all of these strategies, to sort of generalize","seg":null,"vid":"uAqbDxqv7ks","start":"1161","id":"4121539","zone":"1","cid":"4202668","src":"YT","speaker":"uAqbDxqv7ks","ban":"0"},{"display":"Again, I would say that you cannot generalize across Africa. There are places in Africa","seg":null,"vid":"maKnC4zZUns","start":"3503","id":"3625195","zone":"1","cid":"3697472","src":"YT","speaker":"maKnC4zZUns","ban":"0"}]}