{"total_results":"789","total":"10","altered_query":"grammatical","hc":"164310","results":[{"display":"That way, we can at least maintain grammatical law and order.","seg":null,"vid":"-tX34V_XGeQ","start":"180","id":"58744036","zone":"1","cid":"87918148","src":"YT","speaker":null,"ban":"0"},{"display":"It's, like, she's not gonna have to be putting together, I don't know, like grammatical","seg":null,"vid":"E-DF4LUm0Rc","start":"425","id":"18737500","zone":"1","cid":"28413164","src":"YT","speaker":"E-DF4LUm0Rc","ban":"0"},{"display":"by the layoffs.'That doesn't make any sense. It's not even remotely grammatical. So if","seg":null,"vid":"_jOH7FvR83g","start":"893","id":"17401925","zone":"1","cid":"25137882","src":"YT","speaker":"_jOH7FvR83g","ban":"0"},{"display":"FRANKLIN: Man, don't get wrapped around a grammatical axle.","seg":null,"vid":"LDE8fhzwDls","start":"653","id":"4994911","zone":"1","cid":"5096757","src":"YT","speaker":"LDE8fhzwDls","ban":"0"},{"display":"grammatical rules become extremely easy to remember.","seg":null,"vid":"6a6vVIdQBd0","start":"642","id":"20867360","zone":"1","cid":"31949691","src":"YT","speaker":"6a6vVIdQBd0","ban":"0"},{"display":"It turns out all grammatical rules actually fall somewhere along the line","seg":null,"vid":"6a6vVIdQBd0","start":"633","id":"20867357","zone":"1","cid":"31949688","src":"YT","speaker":"6a6vVIdQBd0","ban":"0"},{"display":"Grammatical form that goes subject, verb, object.","seg":null,"vid":"UCXSoBvyaKU","start":"1473","id":"22234071","zone":"2","cid":"33985511","src":"YT","speaker":"UCXSoBvyaKU","ban":"0"},{"display":"this grammatical form, and this phrase, and this idiom,","seg":null,"vid":"UCXSoBvyaKU","start":"644","id":"22233774","zone":"2","cid":"33985213","src":"YT","speaker":"UCXSoBvyaKU","ban":"0"},{"display":"And it's the same with grammatical forms.","seg":null,"vid":"UCXSoBvyaKU","start":"1471","id":"22234070","zone":"2","cid":"33985510","src":"YT","speaker":"UCXSoBvyaKU","ban":"0"},{"display":"in the literal grammatical-historical context.","seg":null,"vid":"jyTXYK29qJM","start":"1616","id":"4441219","zone":"1","cid":"4533191","src":"YT","speaker":"jyTXYK29qJM","ban":"0"}]}