{"total_results":"1350","total":"10","altered_query":"homogeneous","hc":"164310","results":[{"display":"as a very homogeneous debate on college campuses","seg":null,"vid":"Mv555OoCtps","start":"2171","id":"48105205","zone":"1","cid":"75387960","src":"YT","speaker":null,"ban":"0"},{"display":"a homogeneous mixture consisting of a solute and a solvent.","seg":null,"vid":"e9vfMrjitXw","start":"95","id":"58743148","zone":"1","cid":"87917260","src":"YT","speaker":null,"ban":"0"},{"display":"as a fairly homogeneous season and place of life.","seg":null,"vid":"7dJM_v7s9hU","start":"131","id":"52633036","zone":"1","cid":"80148807","src":"YT","speaker":null,"ban":"0"},{"display":"But it's like I get it-- a very homogeneous place.","seg":null,"vid":"I7Foam6oKPI","start":"761","id":"17292837","zone":"1","cid":"24986333","src":"YT","speaker":"I7Foam6oKPI","ban":"0"},{"display":"they're more homogeneous, so I'd say","seg":null,"vid":"j4cfbe4nWJQ","start":"3396","id":"19512204","zone":"1","cid":"29601531","src":"YT","speaker":"j4cfbe4nWJQ","ban":"0"},{"display":"and homogeneous.","seg":null,"vid":"J_XKj5vNk-k","start":"3983","id":"20522270","zone":"1","cid":"31313205","src":"YT","speaker":"J_XKj5vNk-k","ban":"0"},{"display":"Intelligence, it's important to remember, is not homogeneous.","seg":null,"vid":"IBoJcDlqmo0","start":"78","id":"20828052","zone":"1","cid":"31896267","src":"YT","speaker":"IBoJcDlqmo0","ban":"0"},{"display":"likely to pick up variable patterns because it's not a homogeneous group of patients.","seg":null,"vid":"hczbp0-v4kI","start":"201","id":"16550661","zone":"1","cid":"22755827","src":"YT","speaker":"hczbp0-v4kI","ban":"0"},{"display":"So this is a linear homogeneous","seg":null,"vid":"s9AuqxSVHUY","start":"317","id":"22655474","zone":"1","cid":"34547557","src":"YT","speaker":"s9AuqxSVHUY","ban":"0"},{"display":"You will never, ever run in a homogeneous environment","seg":null,"vid":"Nffzkkdq7GM","start":"4042","id":"4405950","zone":"1","cid":"4497174","src":"YT","speaker":"Nffzkkdq7GM","ban":"0"}]}