{"total_results":"108","total":"10","altered_query":"inaugurate","hc":"164310","results":[{"display":"And what I'd like to inaugurate today","seg":null,"vid":"2Oe6HUgrRlQ","start":"63","id":"14904670","zone":"2","cid":"19777533","src":"YT","speaker":"2Oe6HUgrRlQ","ban":"0"},{"display":"In 1946, at the Savannah Conference to inaugurate the","seg":null,"vid":"cECouzfzqnM","start":"306","id":"17282892","zone":"1","cid":"24975304","src":"YT","speaker":"cECouzfzqnM","ban":"0"},{"display":"where they were, again, trying to inaugurate","seg":null,"vid":"AxtO1QloBiw","start":"2235","id":"4833173","zone":"1","cid":"4931911","src":"YT","speaker":"AxtO1QloBiw","ban":"0"},{"display":"to inaugurate the Brennan Center Jorde Symposium, which is a Symposium designed to be a living","seg":null,"vid":"ehrOJAa6XNA","start":"301","id":"16876019","zone":"1","cid":"23687019","src":"YT","speaker":"ehrOJAa6XNA","ban":"0"},{"display":"And today, we inaugurate a program","seg":null,"vid":"6swVUzgYPMA","start":"295","id":"16367531","zone":"1","cid":"22460550","src":"YT","speaker":"6swVUzgYPMA","ban":"0"},{"display":"[BROOKS] Well, we're about to inaugurate a man who represents the Christian virtues in","seg":null,"vid":"qrh_aqsE-wU","start":"2588","id":"22396320","zone":"1","cid":"34204013","src":"YT","speaker":"qrh_aqsE-wU","ban":"0"},{"display":"Today, we inaugurate the Space Time Journal Club","seg":null,"vid":"hqoo_4wSkdg","start":"21","id":"21980917","zone":"12","cid":"33643474","src":"YT","speaker":"hqoo_4wSkdg","ban":"0"},{"display":"Now, to formally inaugurate the NC3,","seg":null,"vid":"11qw2wQFNRs","start":"170","id":"4066239","zone":"1","cid":"4146484","src":"YT","speaker":"11qw2wQFNRs","ban":"0"},{"display":"to inaugurate the new rotation of our U.S. Marines there,","seg":null,"vid":"VlqySVSSXvA","start":"969","id":"3196754","zone":"1","cid":"3258255","src":"YT","speaker":"VlqySVSSXvA","ban":"0"},{"display":"Although I will say when I went out to Darwin to inaugurate the new rotation of our U.S.","seg":null,"vid":"FEtlpmKbib4","start":"965","id":"9394755","zone":"1","cid":"11205088","src":"YT","speaker":"FEtlpmKbib4","ban":"0"}]}