{"total_results":"1922","total":"10","altered_query":"incidence","hc":"164310","results":[{"display":"factors that can decrease the incidence","seg":null,"vid":"iIVPBqjRzg0","start":"799","id":"7075104","zone":"1","cid":"7680434","src":"YT","speaker":"iIVPBqjRzg0","ban":"0"},{"display":"impact on the incidence of lung cancer.","seg":null,"vid":"iIVPBqjRzg0","start":"741","id":"7075086","zone":"1","cid":"7680416","src":"YT","speaker":"iIVPBqjRzg0","ban":"0"},{"display":"but increasing the incidence of Tay-Sachs as an unfortunate side effect.","seg":null,"vid":"g3zrprEu_0Q","start":"476","id":"59722751","zone":"1","cid":"89346415","src":"YT","speaker":null,"ban":"0"},{"display":"to those European countries where the incidence of TB was highest.","seg":null,"vid":"g3zrprEu_0Q","start":"493","id":"59722756","zone":"1","cid":"89346420","src":"YT","speaker":null,"ban":"0"},{"display":"Incredibly disappointed with not only the incidence of domestic violence that occurred","seg":null,"vid":"s-l2ldsy3Kk","start":"287","id":"17868592","zone":"1","cid":"25768836","src":"YT","speaker":"s-l2ldsy3Kk","ban":"0"},{"display":"We had huge starvation incidence and we had a huge incidence","seg":null,"vid":"VNJayNQVyTc","start":"1149","id":"17949603","zone":"1","cid":"25878505","src":"YT","speaker":"VNJayNQVyTc","ban":"0"},{"display":"is greater than the incidence of malnutrition.","seg":null,"vid":"VNJayNQVyTc","start":"1157","id":"17949606","zone":"1","cid":"25878508","src":"YT","speaker":"VNJayNQVyTc","ban":"0"},{"display":"meatpackers. And there's a very, very high incidence, and","seg":null,"vid":"1VXw8NmUoiQ","start":"503","id":"18430035","zone":"1","cid":"27725690","src":"YT","speaker":"1VXw8NmUoiQ","ban":"0"},{"display":"Today in Mexico the incidence of obesity","seg":null,"vid":"VNJayNQVyTc","start":"1154","id":"17949605","zone":"1","cid":"25878507","src":"YT","speaker":"VNJayNQVyTc","ban":"0"},{"display":"that it preserves the meat. And they have a much higher incidence of developing","seg":null,"vid":"1VXw8NmUoiQ","start":"519","id":"18430039","zone":"1","cid":"27725694","src":"YT","speaker":"1VXw8NmUoiQ","ban":"0"}]}