{"total_results":"191","total":"10","altered_query":"indignant","hc":"164310","results":[{"display":"And then the other 10 find out about this, and they're very indignant.","seg":null,"vid":"_WDy06vNOEg","start":"3140","id":"52614410","zone":"1","cid":"80130164","src":"YT","speaker":null,"ban":"0"},{"display":"When the 10 heard about this, they were indignant with the 2 brothers.\\\"","seg":null,"vid":"KZI7Zr-CwSc","start":"3020","id":"52617019","zone":"1","cid":"80132774","src":"YT","speaker":null,"ban":"0"},{"display":"It can mean being indignant.","seg":null,"vid":"mUn8h8jpcpU","start":"2849","id":"17141023","zone":"1","cid":"24767282","src":"YT","speaker":"mUn8h8jpcpU","ban":"0"},{"display":"look at verse 31. \"Hearing this, the ten began to feel indignant with James and John.","seg":null,"vid":"WWQz507voYk","start":"2278","id":"4860113","zone":"1","cid":"4959362","src":"YT","speaker":"WWQz507voYk","ban":"0"},{"display":"but it is for those for whom it has been prepared.'Hearing this, the ten began to feel indignant","seg":null,"vid":"WWQz507voYk","start":"294","id":"4859824","zone":"1","cid":"4959073","src":"YT","speaker":"WWQz507voYk","ban":"0"},{"display":"it is the trade of the newspaper to be indignant,","seg":null,"vid":"f5ud_4pbXPk","start":"148","id":"16273485","zone":"2","cid":"22292811","src":"YT","speaker":"f5ud_4pbXPk","ban":"0"},{"display":"Then ex claimed the startled and indignant Stewart, you have ruined him.","seg":null,"vid":"xyK73_v6Wug","start":"2343","id":"22893398","zone":"1","cid":"34907538","src":"YT","speaker":"xyK73_v6Wug","ban":"0"},{"display":"Many were surprised and even indignant, and I seem to have","seg":null,"vid":"ZdTRIgrgmn8","start":"2179","id":"2633330","zone":"1","cid":"2684430","src":"YT","speaker":"ZdTRIgrgmn8","ban":"0"},{"display":"of an indignant people.","seg":null,"vid":"lZzWyo1Il6s","start":"680","id":"9415778","zone":"12","cid":"11228058","src":"YT","speaker":"lZzWyo1Il6s","ban":"0"},{"display":"when I realized I didn't have to write indignant poems,","seg":null,"vid":"0snNB1yS3IE","start":"489","id":"10480838","zone":"1","cid":"12972647","src":"YT","speaker":"0snNB1yS3IE","ban":"0"}]}