{"total_results":"92","total":"10","altered_query":"industrialize","hc":"164310","results":[{"display":"But, of course, the first thing they will say is, you know, we need a chance to industrialize,","seg":null,"vid":"EXyGpZ0v0nk","start":"3010","id":"3180962","zone":"1","cid":"3242341","src":"YT","speaker":"EXyGpZ0v0nk","ban":"0"},{"display":"industrialize the Maker Movement.","seg":null,"vid":"3grzYoJ2oPQ","start":"2999","id":"3342812","zone":"1","cid":"3408551","src":"YT","speaker":"3grzYoJ2oPQ","ban":"0"},{"display":"Everything was forced to not industrialize.","seg":null,"vid":"X93Yi0Eh42g","start":"2105","id":"2666451","zone":"1","cid":"2718196","src":"YT","speaker":"X93Yi0Eh42g","ban":"0"},{"display":"and that would industrialize an area the size of Florida.","seg":null,"vid":"h9SKyrHRhDo","start":"881","id":"14897652","zone":"1","cid":"19769247","src":"YT","speaker":"h9SKyrHRhDo","ban":"0"},{"display":"the South Korea government decided they wanted to rapidly industrialize,","seg":null,"vid":"7ZymFMmpOa0","start":"779","id":"14955388","zone":"1","cid":"19839223","src":"YT","speaker":"7ZymFMmpOa0","ban":"0"},{"display":"and let countries develop and create jobs and industrialize.","seg":null,"vid":"20adDr7Felw","start":"124","id":"26292062","zone":"2","cid":"40054504","src":"YT","speaker":"20adDr7Felw","ban":"0"},{"display":"before they industrialize.","seg":null,"vid":"Sv5QitqbxJw","start":"634","id":"26682157","zone":"1","cid":"40545196","src":"YT","speaker":"Sv5QitqbxJw","ban":"0"},{"display":"using machines, so they didn't need to industrialize.","seg":null,"vid":"zhL5DCizj5c","start":"583","id":"15688086","zone":"1","cid":"21032288","src":"YT","speaker":"zhL5DCizj5c","ban":"0"},{"display":"India may be the first country to industrialize","seg":null,"vid":"-BvcToPZCLI","start":"948","id":"42361002","zone":"1","cid":"67899376","src":"YT","speaker":"-BvcToPZCLI","ban":"0"},{"display":"source would be the most easy to industrialize in terms","seg":null,"vid":"7pjw1khByQg","start":"2590","id":"16987004","zone":"1","cid":"24260385","src":"YT","speaker":"7pjw1khByQg","ban":"0"}]}