{"total_results":"291","total":"10","altered_query":"intelligible","hc":"164310","results":[{"display":"was really as intelligible as the 'Jabberwocky'.","seg":null,"vid":"o0td5aw1KXA","start":"174","id":"20833772","zone":"1","cid":"31903585","src":"YT","speaker":"o0td5aw1KXA","ban":"0"},{"display":"unbelievers because you're speaking intelligible words and tongues is for you","seg":null,"vid":"ojp5M5YfwAg","start":"1493","id":"8315993","zone":"2","cid":"9399540","src":"YT","speaker":"ojp5M5YfwAg","ban":"0"},{"display":"one legal scholar noted, Lewis had \"an incredible talent in making the law not only intelligible","seg":null,"vid":"YvpuN5X_dxg","start":"117","id":"7796423","zone":"1","cid":"8636393","src":"YT","speaker":"YvpuN5X_dxg","ban":"0"},{"display":"that's where you begin, it is of course perfectly intelligible that you should be","seg":null,"vid":"DdsbsmCaRy8","start":"868","id":"6215406","zone":"2","cid":"6343995","src":"YT","speaker":"DdsbsmCaRy8","ban":"0"},{"display":"It's intelligible in itself.","seg":null,"vid":"LplbyLVgwnw","start":"974","id":"14437943","zone":"12","cid":"18839970","src":"YT","speaker":"LplbyLVgwnw","ban":"0"},{"display":"I don't find that a useful or even intelligible concept.","seg":null,"vid":"8rZzHkpyPkc","start":"132","id":"14842155","zone":"2","cid":"19707966","src":"YT","speaker":"8rZzHkpyPkc","ban":"0"},{"display":"You suddenly have an intelligible signal.","seg":null,"vid":"j8oLvk6pQ3A","start":"1183","id":"8561459","zone":"2","cid":"9781358","src":"YT","speaker":"j8oLvk6pQ3A","ban":"0"},{"display":"to find the situation intelligible.","seg":null,"vid":"VcidL9uXw6A","start":"3089","id":"12847699","zone":"1","cid":"16308611","src":"YT","speaker":"VcidL9uXw6A","ban":"0"},{"display":"that was about as intelligible as Lewis Carroll's poem","seg":null,"vid":"Uk1ZpxuYic8","start":"368","id":"12862302","zone":"1","cid":"16334482","src":"YT","speaker":"Uk1ZpxuYic8","ban":"0"},{"display":"to build apps is an intelligible way for people to engage","seg":null,"vid":"bLGTrz1Zolk","start":"925","id":"14872060","zone":"1","cid":"19741599","src":"YT","speaker":"bLGTrz1Zolk","ban":"0"}]}