{"total_results":"817","total":"10","altered_query":"irrespective","hc":"164310","results":[{"display":"comments now are irrespective efforts the novel coronavirus or influenza or","seg":null,"vid":"glcQcwteKwU","start":"576","id":"52243032","zone":"12","cid":"81178551","src":"YT","speaker":null,"ban":"0"},{"display":"basis of race, and not being prejudice, and not being irrespective of person.","seg":null,"vid":"-mu_CLg2Nfo","start":"1041","id":"52626255","zone":"1","cid":"80142019","src":"YT","speaker":null,"ban":"0"},{"display":"irrespective of their country of origin, their political leanings or affiliations,","seg":null,"vid":"7h9esSsOLDE","start":"370","id":"18612980","zone":"1","cid":"28109613","src":"YT","speaker":"7h9esSsOLDE","ban":"0"},{"display":"they stay the same irrespective of industry.","seg":null,"vid":"8EMW7io4rSI","start":"2785","id":"17289691","zone":"1","cid":"24983135","src":"YT","speaker":"8EMW7io4rSI","ban":"0"},{"display":"That is irrespective of country of origin, ethnicity, religious belief.","seg":null,"vid":"7h9esSsOLDE","start":"125","id":"18612926","zone":"1","cid":"28109559","src":"YT","speaker":"7h9esSsOLDE","ban":"0"},{"display":"questions about the realness of these experiences irrespective of how they actually wind up","seg":null,"vid":"ol0RuS1Y2Gs","start":"423","id":"21080780","zone":"1","cid":"32293450","src":"YT","speaker":"ol0RuS1Y2Gs","ban":"0"},{"display":"should be recognising as a skill based around a set of experiences that all of us have irrespective","seg":null,"vid":"jxhMUpa1TcM","start":"1164","id":"20593951","zone":"2","cid":"31440266","src":"YT","speaker":"jxhMUpa1TcM","ban":"0"},{"display":"irrespective of who it's coming from.","seg":null,"vid":"D3L5lp4nauo","start":"711","id":"22423051","zone":"2","cid":"34256015","src":"YT","speaker":"D3L5lp4nauo","ban":"0"},{"display":"irrespective of the people","seg":null,"vid":"D3L5lp4nauo","start":"1159","id":"22423245","zone":"2","cid":"34256209","src":"YT","speaker":"D3L5lp4nauo","ban":"0"},{"display":"presented to us irrespective of who made","seg":null,"vid":"6InzU3szzUY","start":"2932","id":"17620162","zone":"1","cid":"25412169","src":"YT","speaker":"6InzU3szzUY","ban":"0"}]}