{"total_results":"227","total":"10","altered_query":"leaflet","hc":"164310","results":[{"display":"just gently overlapping the other leaflet,","seg":null,"vid":"M3OpRUVULq8","start":"711","id":"17272824","zone":"2","cid":"24957525","src":"YT","speaker":"M3OpRUVULq8","ban":"0"},{"display":"But there was another leaflet,","seg":null,"vid":"M3OpRUVULq8","start":"709","id":"17272823","zone":"2","cid":"24957524","src":"YT","speaker":"M3OpRUVULq8","ban":"0"},{"display":"the Prime Minister Maliki. And the leaflet essentially, after he got it translated, was","seg":null,"vid":"mHKlzcpi4rs","start":"911","id":"5736441","zone":"1","cid":"5853320","src":"YT","speaker":"mHKlzcpi4rs","ban":"0"},{"display":"and what he discovered, he says, is that they had been distributing a leaflet critical of","seg":null,"vid":"mHKlzcpi4rs","start":"905","id":"5736440","zone":"1","cid":"5853319","src":"YT","speaker":"mHKlzcpi4rs","ban":"0"},{"display":"Pick up this leaflet as you head out the door.","seg":null,"vid":"N2sOVYrB1Uo","start":"3198","id":"16768503","zone":"12","cid":"23100024","src":"YT","speaker":"N2sOVYrB1Uo","ban":"0"},{"display":"John Russell. There is also a leaflet which contains a trail linking many of the building","seg":null,"vid":"SEfz8U2Xt1A","start":"553","id":"21294740","zone":"2","cid":"32638709","src":"YT","speaker":"SEfz8U2Xt1A","ban":"0"},{"display":"That's right. The Pharmaceutical Society produces this leaflet.","seg":null,"vid":"ogZLxvYBauI","start":"2820","id":"2955100","zone":"12","cid":"3013370","src":"YT","speaker":"ogZLxvYBauI","ban":"0"},{"display":"I saw this leaflet and it said,","seg":null,"vid":"HUM2rCIUdeI","start":"26","id":"14987556","zone":"1","cid":"19884378","src":"YT","speaker":"HUM2rCIUdeI","ban":"0"},{"display":"started with a leaflet that I picked up in London.","seg":null,"vid":"HUM2rCIUdeI","start":"20","id":"14987553","zone":"1","cid":"19884375","src":"YT","speaker":"HUM2rCIUdeI","ban":"0"},{"display":"leaflet in 1951.","seg":null,"vid":"Iekqba8bRYg","start":"1951","id":"12950203","zone":"2","cid":"16465657","src":"YT","speaker":"Iekqba8bRYg","ban":"0"}]}