{"total_results":"7204","total":"10","altered_query":"literacy","hc":"164310","results":[{"display":"So our approach, what we call pornography literacy,","seg":null,"vid":"FhP0AfZdRZ4","start":"708","id":"48824031","zone":"1","cid":"75926252","src":"YT","speaker":null,"ban":"0"},{"display":"Over the next four years he established a nation-wide literacy campaign,","seg":null,"vid":"H_iF-E5UEOg","start":"187","id":"53017300","zone":"1","cid":"80580040","src":"YT","speaker":null,"ban":"0"},{"display":"Number one: we have to start with digital media literacy,","seg":null,"vid":"GSf6nij-SdA","start":"607","id":"53471123","zone":"1","cid":"81196387","src":"YT","speaker":null,"ban":"0"},{"display":"that are based on the five tenants of early literacy:","seg":null,"vid":"zfAgyT4hy8Q","start":"253","id":"52853703","zone":"1","cid":"81181410","src":"YT","speaker":null,"ban":"0"},{"display":"We're advocates for the power early literacy has","seg":null,"vid":"zfAgyT4hy8Q","start":"382","id":"52853740","zone":"1","cid":"81181447","src":"YT","speaker":null,"ban":"0"},{"display":"Tell them that you know how important literacy is","seg":null,"vid":"zfAgyT4hy8Q","start":"812","id":"52853872","zone":"1","cid":"81181579","src":"YT","speaker":null,"ban":"0"},{"display":"You use a different method to teach reading, and you find that literacy rates are higher","seg":null,"vid":"E22TO1xbJOU","start":"2281","id":"18157819","zone":"2","cid":"27150334","src":"YT","speaker":"E22TO1xbJOU","ban":"0"},{"display":"literacy is getting to grips with the idea that we can play with our assumptions about","seg":null,"vid":"R6suckmKKEQ","start":"430","id":"17784394","zone":"2","cid":"25639000","src":"YT","speaker":"R6suckmKKEQ","ban":"0"},{"display":"literacy. It's educating citizens who understand the nature of change in a complex world and","seg":null,"vid":"R6suckmKKEQ","start":"1038","id":"17784502","zone":"2","cid":"25639108","src":"YT","speaker":"R6suckmKKEQ","ban":"0"},{"display":"future's literacy and I want to talk you through what that involves and how we might","seg":null,"vid":"R6suckmKKEQ","start":"208","id":"17784358","zone":"2","cid":"25638964","src":"YT","speaker":"R6suckmKKEQ","ban":"0"}]}