{"total_results":"955","total":"10","altered_query":"locality","hc":"164310","results":[{"display":"And John Bell made a precise formulation of locality as follows.","seg":null,"vid":"DFnvRZQQF9Q","start":"790","id":"50668350","zone":"1","cid":"77976775","src":"YT","speaker":null,"ban":"0"},{"display":"And you could actually test the principle of locality very directly.","seg":null,"vid":"DFnvRZQQF9Q","start":"863","id":"50668368","zone":"1","cid":"77976793","src":"YT","speaker":null,"ban":"0"},{"display":"And the definitive results are that locality is false.","seg":null,"vid":"DFnvRZQQF9Q","start":"887","id":"50668374","zone":"1","cid":"77976799","src":"YT","speaker":null,"ban":"0"},{"display":"our understanding take any locality in the world.","seg":null,"vid":"7h9esSsOLDE","start":"679","id":"18613061","zone":"1","cid":"28109694","src":"YT","speaker":"7h9esSsOLDE","ban":"0"},{"display":"We can understand the skills of the aggregate workforce within that locality.","seg":null,"vid":"7h9esSsOLDE","start":"688","id":"18613064","zone":"1","cid":"28109697","src":"YT","speaker":"7h9esSsOLDE","ban":"0"},{"display":"that locality, the skills required to obtain those jobs.","seg":null,"vid":"7h9esSsOLDE","start":"685","id":"18613063","zone":"1","cid":"28109696","src":"YT","speaker":"7h9esSsOLDE","ban":"0"},{"display":"app on my phone to find 12 providers in a locality.","seg":null,"vid":"HPsQp5FAMIM","start":"4176","id":"19505730","zone":"1","cid":"29594094","src":"YT","speaker":"HPsQp5FAMIM","ban":"0"},{"display":"beside locality and music, conveniently located.","seg":null,"vid":"cqwJHasGT9w","start":"623","id":"22700378","zone":"1","cid":"34610124","src":"YT","speaker":"cqwJHasGT9w","ban":"0"},{"display":"and kill both locality and realism?","seg":null,"vid":"tafGL02EUOA","start":"539","id":"15594994","zone":"12","cid":"20876731","src":"YT","speaker":"tafGL02EUOA","ban":"0"},{"display":"are also consistent as long as they abandon locality.","seg":null,"vid":"tafGL02EUOA","start":"637","id":"15595029","zone":"12","cid":"20876766","src":"YT","speaker":"tafGL02EUOA","ban":"0"}]}