{"total_results":"29","total":"10","altered_query":"microcomputer","hc":"164310","results":[{"display":"So we've developed a small microcomputer","seg":null,"vid":"MLvwTlbj1Y8","start":"824","id":"14832481","zone":"1","cid":"19696405","src":"YT","speaker":"MLvwTlbj1Y8","ban":"0"},{"display":"And in the era where the microcomputer is just raging,","seg":null,"vid":"mJhBLvqKUKU","start":"2893","id":"25786441","zone":"1","cid":"39316181","src":"YT","speaker":"mJhBLvqKUKU","ban":"0"},{"display":"very complex microcomputer on each bird to map and","seg":null,"vid":"CeTEfg4m3pQ","start":"449","id":"2929509","zone":"1","cid":"2987494","src":"YT","speaker":"CeTEfg4m3pQ","ban":"0"},{"display":"is who gets the credit for the microcomputer.","seg":null,"vid":"rRqLSiLuQgA","start":"1496","id":"1473571","zone":"1","cid":"1502487","src":"YT","speaker":"rRqLSiLuQgA","ban":"0"},{"display":"microcomputer center. It's like your microchip in your whole body. It's the","seg":null,"vid":"KBXb6ayhItA","start":"172","id":"11640778","zone":"1","cid":"14452042","src":"YT","speaker":"KBXb6ayhItA","ban":"0"},{"display":"However, in England, the microcomputer revolution was about to burst.","seg":null,"vid":"r8pVcfWmmjo","start":"174","id":"29925399","zone":"1","cid":"45863552","src":"YT","speaker":"r8pVcfWmmjo","ban":"0"},{"display":"preservation of microcomputer software, which I'm sad to say,","seg":null,"vid":"B9Tbcg9ltrU","start":"2343","id":"40886751","zone":"1","cid":"65595197","src":"YT","speaker":"B9Tbcg9ltrU","ban":"0"},{"display":"microcomputer that the market had ever seen.","seg":null,"vid":"r8pVcfWmmjo","start":"219","id":"29925407","zone":"1","cid":"45863560","src":"YT","speaker":"r8pVcfWmmjo","ban":"0"},{"display":"the ZX81, a microcomputer with only 1 KB of memory and the successor of the ZX80.","seg":null,"vid":"r8pVcfWmmjo","start":"193","id":"29925403","zone":"1","cid":"45863556","src":"YT","speaker":"r8pVcfWmmjo","ban":"0"},{"display":"Producing actually part of so that was the BBC microcomputer","seg":null,"vid":"9r4Cmwd_7vA","start":"509","id":"47057774","zone":"2","cid":"73981610","src":"YT","speaker":"9r4Cmwd_7vA","ban":"0"}]}