{"total_results":"162","total":"10","altered_query":"necessitate","hc":"164310","results":[{"display":"that would necessitate taking out more loans","seg":null,"vid":"SgicDQHbV3M","start":"536","id":"21823087","zone":"1","cid":"33403196","src":"YT","speaker":"SgicDQHbV3M","ban":"0"},{"display":"U.S. jobs, but jobs that somehow -- sometimes might necessitate","seg":null,"vid":"zvx7qkKsLDU","start":"2204","id":"2588932","zone":"1","cid":"2639497","src":"YT","speaker":"zvx7qkKsLDU","ban":"0"},{"display":"dealing with I think would necessitate -- and to also --","seg":null,"vid":"ZdTRIgrgmn8","start":"2569","id":"2633433","zone":"1","cid":"2684533","src":"YT","speaker":"ZdTRIgrgmn8","ban":"0"},{"display":"may necessitate individual adaptation.","seg":null,"vid":"uEJDldtqSHU","start":"3484","id":"9148629","zone":"1","cid":"10851180","src":"YT","speaker":"uEJDldtqSHU","ban":"0"},{"display":"of public service to necessitate something.","seg":null,"vid":"HPNCNNlxppg","start":"1375","id":"10087251","zone":"1","cid":"12273306","src":"YT","speaker":"HPNCNNlxppg","ban":"0"},{"display":"This might necessitate some scuffling and working together to help","seg":null,"vid":"8AppTo3N4DI","start":"79","id":"12063039","zone":"1","cid":"14958696","src":"YT","speaker":"8AppTo3N4DI","ban":"0"},{"display":"probably going to necessitate another meal in three","seg":null,"vid":"nvsg3f7KhEQ","start":"2385","id":"23136935","zone":"1","cid":"35238613","src":"YT","speaker":"nvsg3f7KhEQ","ban":"0"},{"display":"But it's way more cool if you can say, \"Does consciousness necessitate moral patiency?\"","seg":null,"vid":"Nefo1Mr6qoE","start":"110","id":"28719540","zone":"1","cid":"44046558","src":"YT","speaker":"Nefo1Mr6qoE","ban":"0"},{"display":"doesn't necessitate individual action you can you know we can have individual","seg":null,"vid":"xqNDaL4eqC0","start":"5908","id":"32921114","zone":"1","cid":"50415139","src":"YT","speaker":"xqNDaL4eqC0","ban":"0"},{"display":"does not necessitate the poverty of health is possible.","seg":null,"vid":"4B2qC7PIHxs","start":"519","id":"6584694","zone":"1","cid":"6730068","src":"YT","speaker":"4B2qC7PIHxs","ban":"0"}]}