{"total_results":"676","total":"10","altered_query":"negligible","hc":"164310","results":[{"display":"Turned out he was fine. His blood alcohol level was negligible. They were all set to","seg":null,"vid":"y2f17aNrKag","start":"1642","id":"18711601","zone":"1","cid":"28362171","src":"YT","speaker":"y2f17aNrKag","ban":"0"},{"display":"on the lunar surface are negligible.","seg":null,"vid":"KHjviCKKo9c","start":"580","id":"17104305","zone":"1","cid":"24686457","src":"YT","speaker":"KHjviCKKo9c","ban":"0"},{"display":"make that argument if you've got a site somewhere in northern Canada where the change is negligible.","seg":null,"vid":"PmTfqLOmNXc","start":"1730","id":"4108141","zone":"12","cid":"4189118","src":"YT","speaker":"PmTfqLOmNXc","ban":"0"},{"display":"is negligible, and the exchange value takes precedence over the use value for a lot of","seg":null,"vid":"ha5gWzURMjU","start":"1054","id":"3929992","zone":"12","cid":"4008301","src":"YT","speaker":"ha5gWzURMjU","ban":"0"},{"display":"leg that suggests that: \"Well, maybe global warming is occurring, but it's negligible.\"","seg":null,"vid":"ElRSUgRo4dU","start":"2655","id":"3842741","zone":"1","cid":"3918063","src":"YT","speaker":"ElRSUgRo4dU","ban":"0"},{"display":"are negligible. We would love to have been able to put","seg":null,"vid":"I8uUjtiaXqE","start":"528","id":"2313124","zone":"1","cid":"2359002","src":"YT","speaker":"I8uUjtiaXqE","ban":"0"},{"display":"and it's not negligible the difference that I found in my research.","seg":null,"vid":"kMS4VJKekW8","start":"501","id":"6848217","zone":"1","cid":"7192214","src":"YT","speaker":"kMS4VJKekW8","ban":"0"},{"display":"which is a negligible senescence.","seg":null,"vid":"V48M5j-6zdE","start":"863","id":"14912447","zone":"1","cid":"19787789","src":"YT","speaker":"V48M5j-6zdE","ban":"0"},{"display":"and negligible outcomes.","seg":null,"vid":"lZzWyo1Il6s","start":"503","id":"9415728","zone":"12","cid":"11228008","src":"YT","speaker":"lZzWyo1Il6s","ban":"0"},{"display":"Almost negligible.","seg":null,"vid":"GdJHbUgimUQ","start":"133","id":"9280439","zone":"2","cid":"11034709","src":"YT","speaker":"GdJHbUgimUQ","ban":"0"}]}