{"total_results":"797","total":"10","altered_query":"notwithstanding","hc":"164310","results":[{"display":"mind, notwithstanding what the Director of the FBI said.","seg":null,"vid":"7HImAYHXW4I","start":"345","id":"19891326","zone":"1","cid":"30086520","src":"YT","speaker":"7HImAYHXW4I","ban":"0"},{"display":"some communal experience, the experience you're having now notwithstanding.","seg":null,"vid":"SqYuXl0BJwg","start":"1581","id":"19258505","zone":"1","cid":"29226953","src":"YT","speaker":"SqYuXl0BJwg","ban":"0"},{"display":"notwithstanding, Americans are really,","seg":null,"vid":"j4cfbe4nWJQ","start":"3472","id":"19512229","zone":"1","cid":"29601556","src":"YT","speaker":"j4cfbe4nWJQ","ban":"0"},{"display":"Notwithstanding, Walter and The Dude still go bowling with him.","seg":null,"vid":"-33BUmx91BE","start":"2953","id":"17945615","zone":"1","cid":"25874492","src":"YT","speaker":"-33BUmx91BE","ban":"0"},{"display":"Freedom of navigation efforts notwithstanding,","seg":null,"vid":"fXjVNsPUKq8","start":"688","id":"22929459","zone":"1","cid":"34952862","src":"YT","speaker":"fXjVNsPUKq8","ban":"0"},{"display":"notwithstanding the many millions of people who transcend those circumstances for success.","seg":null,"vid":"QdqjYoXLvEc","start":"292","id":"22231391","zone":"1","cid":"33980612","src":"YT","speaker":"QdqjYoXLvEc","ban":"0"},{"display":"And, in my humble opinion, the greatest city in the world. Hershey, Pennsylvania, notwithstanding.","seg":null,"vid":"NMmsflvoPDs","start":"1095","id":"4165545","zone":"1","cid":"4247174","src":"YT","speaker":"NMmsflvoPDs","ban":"0"},{"display":"notwithstanding those problems too directly control some","seg":null,"vid":"RZ8UU8v-yho","start":"194","id":"4510687","zone":"1","cid":"4603712","src":"YT","speaker":"RZ8UU8v-yho","ban":"0"},{"display":"as a natural change, notwithstanding that at the end of the 19th century a Swedish scientist","seg":null,"vid":"u10MMZW0vXc","start":"524","id":"4561126","zone":"1","cid":"4655158","src":"YT","speaker":"u10MMZW0vXc","ban":"0"},{"display":"our current presidency notwithstanding --","seg":null,"vid":"9EVEmZ2c_es","start":"327","id":"4146795","zone":"1","cid":"4228259","src":"YT","speaker":"9EVEmZ2c_es","ban":"0"}]}