{"total_results":"214","total":"10","altered_query":"Oceania","hc":"164310","results":[{"display":"Australia, and Oceania. I think we will actually learn more about those different","seg":null,"vid":"rwQ62Z6dilw","start":"1923","id":"16911022","zone":"1","cid":"23765588","src":"YT","speaker":"rwQ62Z6dilw","ban":"0"},{"display":"\"Oceania,\" which was a Utopian society where there was","seg":null,"vid":"55CziPFnPqg","start":"574","id":"2420368","zone":"1","cid":"2468730","src":"YT","speaker":"55CziPFnPqg","ban":"0"},{"display":"humpback whales dispersed across Oceania and Oceania humpback whales as a whole aren't","seg":null,"vid":"rxOry-gcPP8","start":"1025","id":"2029140","zone":"1","cid":"2070341","src":"YT","speaker":"rxOry-gcPP8","ban":"0"},{"display":"to Oceania after British political theorist","seg":null,"vid":"55CziPFnPqg","start":"566","id":"2420366","zone":"1","cid":"2468728","src":"YT","speaker":"55CziPFnPqg","ban":"0"},{"display":"the great, really seafaring nation of Oceania,","seg":null,"vid":"UBIK1_Jn8vQ","start":"508","id":"10252576","zone":"1","cid":"12479910","src":"YT","speaker":"UBIK1_Jn8vQ","ban":"0"},{"display":"generation that encompasses countries in Asia, Oceania,","seg":null,"vid":"gcKx3HXqtuM","start":"950","id":"9565431","zone":"1","cid":"11454108","src":"YT","speaker":"gcKx3HXqtuM","ban":"0"},{"display":"reading. Oceania is in fact an American place, it's mainly America plus the United Kingdom,","seg":null,"vid":"LtmcyIP3GLE","start":"461","id":"13853201","zone":"2","cid":"17986885","src":"YT","speaker":"LtmcyIP3GLE","ban":"0"},{"display":"that make up Oceania are relatively small. Australia only ranks 20th on the Global Firepower","seg":null,"vid":"hPKivVfwQ24","start":"35","id":"13445078","zone":"1","cid":"17331344","src":"YT","speaker":"hPKivVfwQ24","ban":"0"},{"display":"and love. And indeed the political slogans of the state in which he lives, of Oceania,","seg":null,"vid":"LtmcyIP3GLE","start":"222","id":"13853156","zone":"2","cid":"17986840","src":"YT","speaker":"LtmcyIP3GLE","ban":"0"},{"display":"Here we are back at Oceania.","seg":null,"vid":"UBIK1_Jn8vQ","start":"560","id":"10252588","zone":"1","cid":"12479922","src":"YT","speaker":"UBIK1_Jn8vQ","ban":"0"}]}