{"total_results":"407","total":"10","altered_query":"omit","hc":"164310","results":[{"display":"It's a personal preference, and you can omit it,","seg":null,"vid":"Ov4u0ARMWKQ","start":"108","id":"48188277","zone":"1","cid":"75223442","src":"YT","speaker":null,"ban":"0"},{"display":"This map does omit the hips and leg section of the original, though.","seg":null,"vid":"_PZbN96pALc","start":"458","id":"53640790","zone":"1","cid":"81506920","src":"YT","speaker":null,"ban":"0"},{"display":"often omit is the part about scrubbing your fingernails,","seg":null,"vid":"b926WLqykDw","start":"1535","id":"52243735","zone":"1","cid":"81179254","src":"YT","speaker":null,"ban":"0"},{"display":"to his son and daughter in law. It had only two words. \"Omit O'Neill\".","seg":null,"vid":"QfrnKAgX7Io","start":"352","id":"7868807","zone":"12","cid":"8757446","src":"YT","speaker":"QfrnKAgX7Io","ban":"0"},{"display":"It is perfectly legitimate to omit the curly braces","seg":null,"vid":"ecWNflDzFfA","start":"272","id":"10410061","zone":"1","cid":"12874833","src":"YT","speaker":"ecWNflDzFfA","ban":"0"},{"display":"to omit the curly braces?","seg":null,"vid":"ecWNflDzFfA","start":"260","id":"10410057","zone":"1","cid":"12874828","src":"YT","speaker":"ecWNflDzFfA","ban":"0"},{"display":"biosphere, the biosphere is now starting to omit CO2. And the broad reason for that is","seg":null,"vid":"fe0SHVZGE98","start":"678","id":"11354431","zone":"1","cid":"14095949","src":"YT","speaker":"fe0SHVZGE98","ban":"0"},{"display":"or omit light.","seg":null,"vid":"8T4WQsg4qqI","start":"113","id":"12139619","zone":"2","cid":"15067612","src":"YT","speaker":"8T4WQsg4qqI","ban":"0"},{"display":"long, so I must omit much more than I can cover.","seg":null,"vid":"yuAyxQr2LYE","start":"855","id":"11498683","zone":"1","cid":"14262281","src":"YT","speaker":"yuAyxQr2LYE","ban":"0"},{"display":"HEFFNER: So how can the technology omit the bias?","seg":null,"vid":"Avxm7JYjk8M","start":"1371","id":"25992351","zone":"1","cid":"39596056","src":"YT","speaker":"Avxm7JYjk8M","ban":"0"}]}