{"total_results":"137","total":"10","altered_query":"periodical","hc":"164310","results":[{"display":"internet, or you get that from the periodical entertainment guide published","seg":null,"vid":"2mIWPHQ6YxE","start":"215","id":"18191448","zone":"1","cid":"27235680","src":"YT","speaker":"2mIWPHQ6YxE","ban":"0"},{"display":"This a caricature out of a French periodical.","seg":null,"vid":"tbuLHSzBzZk","start":"833","id":"18754063","zone":"1","cid":"28438009","src":"YT","speaker":"tbuLHSzBzZk","ban":"0"},{"display":"and they're periodical.","seg":null,"vid":"2HVtr_h9yTs","start":"3694","id":"19537416","zone":"1","cid":"29633885","src":"YT","speaker":"2HVtr_h9yTs","ban":"0"},{"display":"are painted, and it's a luxury periodical with good illustrations, well-informed articles","seg":null,"vid":"yFwZLROtA4U","start":"1375","id":"29910499","zone":"2","cid":"2550204","src":"YT","speaker":"yFwZLROtA4U","ban":"0"},{"display":"Wilkes in the periodical, The North Briton. The inclusion of Ramsay in the pamphlet also","seg":null,"vid":"JfpfAm5tyA0","start":"248","id":"10457011","zone":"2","cid":"12927012","src":"YT","speaker":"JfpfAm5tyA0","ban":"0"},{"display":"or open up a financial periodical","seg":null,"vid":"T71ibcZAX3I","start":"1786","id":"26748201","zone":"1","cid":"40655318","src":"YT","speaker":"T71ibcZAX3I","ban":"0"},{"display":"which then was the nation's largest circulation periodical.","seg":null,"vid":"y7B0u3b2iqc","start":"361","id":"29653378","zone":"1","cid":"45517564","src":"YT","speaker":"y7B0u3b2iqc","ban":"0"},{"display":"\"In Murasaki's time,\" according to Ivan Morris \"periodical protestations of melancholy and","seg":null,"vid":"ZnZEoOJ-cxE","start":"366","id":"6478713","zone":"1","cid":"6610862","src":"YT","speaker":"ZnZEoOJ-cxE","ban":"0"},{"display":"This is a list of every periodical I was subscribing to when I was a political cartoonist.","seg":null,"vid":"51nu5s66Ce4","start":"1099","id":"38857902","zone":"1","cid":"63091540","src":"YT","speaker":"51nu5s66Ce4","ban":"0"},{"display":"They're periodical animals,","seg":null,"vid":"-0cv_q8o08U","start":"59","id":"41107222","zone":"1","cid":"65856737","src":"YT","speaker":"-0cv_q8o08U","ban":"0"}]}