{"total_results":"655","total":"10","altered_query":"permissible","hc":"164310","results":[{"display":"illicit drug use, then it's permissible to punish","seg":null,"vid":"VzDm3YInFeg","start":"999","id":"50647466","zone":"1","cid":"77954431","src":"YT","speaker":null,"ban":"0"},{"display":"student today what would be permissible you really","seg":null,"vid":"VzDm3YInFeg","start":"1047","id":"50647485","zone":"1","cid":"77954450","src":"YT","speaker":null,"ban":"0"},{"display":"school activities, then it's permissible to punish","seg":null,"vid":"VzDm3YInFeg","start":"1090","id":"50647501","zone":"1","cid":"77954466","src":"YT","speaker":null,"ban":"0"},{"display":"and I think it's forgivable and absolutely permissible","seg":null,"vid":"WxvvJCiBuyo","start":"405","id":"53351138","zone":"1","cid":"80954928","src":"YT","speaker":null,"ban":"0"},{"display":"examples, such as disagreement as to whether it is permissible to maintain the U.K.'s blanket","seg":null,"vid":"3GfzsJYtsiQ","start":"42","id":"5637076","zone":"1","cid":"5751091","src":"YT","speaker":"3GfzsJYtsiQ","ban":"0"},{"display":"about what is permissible and what is not.","seg":null,"vid":"AxtO1QloBiw","start":"466","id":"4832483","zone":"1","cid":"4931211","src":"YT","speaker":"AxtO1QloBiw","ban":"0"},{"display":"Cohabiting before marriage is not only permissible,","seg":null,"vid":"W8dZ4cLgk9E","start":"1143","id":"20743980","zone":"1","cid":"31709057","src":"YT","speaker":"W8dZ4cLgk9E","ban":"0"},{"display":"legitimately in a morally permissible way be questioned by anyone else. At the same","seg":null,"vid":"ob77mUXoDZo","start":"737","id":"21922225","zone":"1","cid":"33563115","src":"YT","speaker":"ob77mUXoDZo","ban":"0"},{"display":"down as a violation of establishment norms perhaps permissible","seg":null,"vid":"j_ZUos4dqfY","start":"4050","id":"22785053","zone":"1","cid":"34737644","src":"YT","speaker":"j_ZUos4dqfY","ban":"0"},{"display":"so poetic license is permissible within","seg":null,"vid":"dLVbGl_5Lg0","start":"1484","id":"21774824","zone":"1","cid":"33333315","src":"YT","speaker":"dLVbGl_5Lg0","ban":"0"}]}