{"total_results":"55","total":"10","altered_query":"perplex","hc":"164310","results":[{"display":"somehow, that idea continues to perplex me.","seg":null,"vid":"QW7WIJaSfl4","start":"1082","id":"3135930","zone":"1","cid":"3196608","src":"YT","speaker":"QW7WIJaSfl4","ban":"0"},{"display":"to confuse our students, perplex them,","seg":null,"vid":"YsYHqfk0X2A","start":"126","id":"14851278","zone":"1","cid":"19717344","src":"YT","speaker":"YsYHqfk0X2A","ban":"0"},{"display":"these questions still perplex policymakers.","seg":null,"vid":"mivFZ-MaT4w","start":"1897","id":"8729292","zone":"12","cid":"10015102","src":"YT","speaker":"mivFZ-MaT4w","ban":"0"},{"display":"But it continues to perplex me and perturb me","seg":null,"vid":"-vgjYCc1Jq0","start":"959","id":"29314402","zone":"1","cid":"44970831","src":"YT","speaker":"-vgjYCc1Jq0","ban":"0"},{"display":"amazed and perplex they asked one another what does this mean","seg":null,"vid":"XVSy_cPWyMk","start":"2506","id":"58579869","zone":"1","cid":"86284355","src":"YT","speaker":null,"ban":"0"},{"display":"It might perplex us since it perplexed them. However, we do have a few advantages","seg":null,"vid":"RHhGZS-E4es","start":"487","id":"16008512","zone":"1","cid":"21631498","src":"YT","speaker":"RHhGZS-E4es","ban":"0"},{"display":"but light still holds some mysteries that perplex us.","seg":null,"vid":"9EPlyiW-xGI","start":"150","id":"1153844","zone":"1","cid":"1177705","src":"YT","speaker":"9EPlyiW-xGI","ban":"0"},{"display":"And we believe it's going to be called Perplex.","seg":null,"vid":"RHxj5mQ7WB0","start":"372","id":"14368779","zone":"2","cid":"18728499","src":"YT","speaker":"RHxj5mQ7WB0","ban":"0"},{"display":"\"Perplex,\" they don't feel that big wall.","seg":null,"vid":"RHxj5mQ7WB0","start":"435","id":"14368810","zone":"2","cid":"18728531","src":"YT","speaker":"RHxj5mQ7WB0","ban":"0"},{"display":"These ultra-high energy cosmic rays still perplex scientists.","seg":null,"vid":"osvOr5wbkUw","start":"13","id":"24188391","zone":"12","cid":"36730117","src":"YT","speaker":"osvOr5wbkUw","ban":"0"}]}