{"total_results":"393","total":"10","altered_query":"postulate","hc":"164310","results":[{"display":"Some scientists postulate that there may be a thin disk of dark matter running horizontally","seg":null,"vid":"zrzxFlXuIRM","start":"206","id":"16291348","zone":"1","cid":"22327037","src":"YT","speaker":"zrzxFlXuIRM","ban":"0"},{"display":"who indoctrinate and postulate values, they also happen to be male?","seg":null,"vid":"8JCh1IqAHfg","start":"1245","id":"4147296","zone":"1","cid":"4228761","src":"YT","speaker":"8JCh1IqAHfg","ban":"0"},{"display":"theorem or postulate that would actually help me answer the","seg":null,"vid":"dpWFMAB_Exo","start":"489","id":"8405510","zone":"1","cid":"9549506","src":"YT","speaker":"dpWFMAB_Exo","ban":"0"},{"display":"the proponents of chance have been forced to postulate the","seg":null,"vid":"1d2X9rrzgso","start":"1381","id":"3159355","zone":"1","cid":"3220505","src":"YT","speaker":"1d2X9rrzgso","ban":"0"},{"display":"Here's two creatures who've never heard of Euclid's parallel postulate --","seg":null,"vid":"zGEDHMF4rLI","start":"642","id":"15023105","zone":"12","cid":"19930464","src":"YT","speaker":"zGEDHMF4rLI","ban":"0"},{"display":"is the proof that the most famous postulate","seg":null,"vid":"zGEDHMF4rLI","start":"603","id":"15023090","zone":"12","cid":"19930449","src":"YT","speaker":"zGEDHMF4rLI","ban":"0"},{"display":"I've stitched Euclid's parallel postulate on to the surface.","seg":null,"vid":"zGEDHMF4rLI","start":"582","id":"15023082","zone":"12","cid":"19930441","src":"YT","speaker":"zGEDHMF4rLI","ban":"0"},{"display":"we're allowed to postulate chemical events in the origin of life","seg":null,"vid":"x4eLxmpy3Zc","start":"1041","id":"11191339","zone":"2","cid":"13893823","src":"YT","speaker":"x4eLxmpy3Zc","ban":"0"},{"display":"RS: Right. So, if the laws of physics have changed over time, that's the postulate in","seg":null,"vid":"3y5IQ3kqMt8","start":"839","id":"11099180","zone":"1","cid":"13773204","src":"YT","speaker":"3y5IQ3kqMt8","ban":"0"},{"display":"So you can determine all these things and then you can postulate that the system will","seg":null,"vid":"TYVNZrxCoXU","start":"337","id":"23037487","zone":"1","cid":"35089948","src":"YT","speaker":"TYVNZrxCoXU","ban":"0"}]}