{"total_results":"188","total":"10","altered_query":"practicable","hc":"164310","results":[{"display":"the common man had a practicable chance of free initiative","seg":null,"vid":"vfP6h2Z18Dg","start":"3944","id":"5065649","zone":"1","cid":"5170577","src":"YT","speaker":"vfP6h2Z18Dg","ban":"0"},{"display":"John Kiminey in order to make it practicable for that change","seg":null,"vid":"KBc3nMi1D3k","start":"1648","id":"2942106","zone":"1","cid":"3000257","src":"YT","speaker":"KBc3nMi1D3k","ban":"0"},{"display":"must ensure again so far as reasonably practicable that","seg":null,"vid":"9fyy5HtxFrw","start":"165","id":"9443895","zone":"12","cid":"11265719","src":"YT","speaker":"9fyy5HtxFrw","ban":"0"},{"display":"reasonably practicable, protect their own workers","seg":null,"vid":"9fyy5HtxFrw","start":"151","id":"9443891","zone":"12","cid":"11265715","src":"YT","speaker":"9fyy5HtxFrw","ban":"0"},{"display":"\"as soon as is practicable\".","seg":null,"vid":"RuaTy4hq6jY","start":"2121","id":"9083647","zone":"12","cid":"10758346","src":"YT","speaker":"RuaTy4hq6jY","ban":"0"},{"display":"And also, before being put completely out of action, the guns had made a practicable breach.","seg":null,"vid":"lhX9sFgZTA8","start":"1326","id":"8826750","zone":"2","cid":"10189065","src":"YT","speaker":"lhX9sFgZTA8","ban":"0"},{"display":"so far as is reasonably practicable.","seg":null,"vid":"5c4xkohf6xE","start":"929","id":"13722640","zone":"12","cid":"17731136","src":"YT","speaker":"5c4xkohf6xE","ban":"0"},{"display":"return to balance as soon as practicable","seg":null,"vid":"DUq0hJBSlEw","start":"397","id":"15395862","zone":"2","cid":"20575335","src":"YT","speaker":"DUq0hJBSlEw","ban":"0"},{"display":"\"I thought it a practicable and peaceable method of","seg":null,"vid":"v_WA6UtPrSU","start":"2648","id":"23222723","zone":"1","cid":"35340619","src":"YT","speaker":"v_WA6UtPrSU","ban":"0"},{"display":"And I couldn't think of any that were both politically practicable and that I couldn't","seg":null,"vid":"DDSWxumrGAY","start":"1525","id":"27524504","zone":"1","cid":"41867585","src":"YT","speaker":"DDSWxumrGAY","ban":"0"}]}