{"total_results":"394","total":"10","altered_query":"precipitate","hc":"164310","results":[{"display":"Bit by bit, microscopic crystals precipitate","seg":null,"vid":"yDIQzUSezmA","start":"147","id":"58743827","zone":"1","cid":"87917939","src":"YT","speaker":null,"ban":"0"},{"display":"and how to precipitate them.","seg":null,"vid":"UHCsV0VzrqQ","start":"3542","id":"21028826","zone":"1","cid":"32233639","src":"YT","speaker":"UHCsV0VzrqQ","ban":"0"},{"display":"So now I can precipitate the experience with world class measurement devices.","seg":null,"vid":"M2pL-hQyKds","start":"1462","id":"20574419","zone":"1","cid":"31399337","src":"YT","speaker":"M2pL-hQyKds","ban":"0"},{"display":"in the House of Representatives precipitate another one.","seg":null,"vid":"PF2prUcfeYU","start":"588","id":"2769106","zone":"1","cid":"2822476","src":"YT","speaker":"PF2prUcfeYU","ban":"0"},{"display":"very banks and financial institutions whose actions had helped precipitate the turmoil.","seg":null,"vid":"SGDrA2FiN74","start":"223","id":"7878745","zone":"1","cid":"8773041","src":"YT","speaker":"SGDrA2FiN74","ban":"0"},{"display":"circumstance lead into something that could precipitate conflict.","seg":null,"vid":"ObDT7I94jxI","start":"2062","id":"3036442","zone":"1","cid":"3095778","src":"YT","speaker":"ObDT7I94jxI","ban":"0"},{"display":"It's this dark purple precipitate within the cell","seg":null,"vid":"iNPsDky1z94","start":"851","id":"14913602","zone":"1","cid":"19789212","src":"YT","speaker":"iNPsDky1z94","ban":"0"},{"display":"would precipitate out as solid particles and fall to the ground, almost like a kind of","seg":null,"vid":"KyAw8aKnSxM","start":"1378","id":"9755532","zone":"1","cid":"11754791","src":"YT","speaker":"KyAw8aKnSxM","ban":"0"},{"display":"is using a child's toy, a pop gun, to precipitate the cloud.","seg":null,"vid":"ZiwZhlT30a8","start":"1570","id":"13049073","zone":"1","cid":"16612850","src":"YT","speaker":"ZiwZhlT30a8","ban":"0"},{"display":"That actually caused the cloud to precipitate.","seg":null,"vid":"ZiwZhlT30a8","start":"1067","id":"13048887","zone":"1","cid":"16612663","src":"YT","speaker":"ZiwZhlT30a8","ban":"0"}]}