{"total_results":"982","total":"10","altered_query":"preface","hc":"164310","results":[{"display":"William Holland says this, \\\"Mr. Charles Wesley read the preface aloud.","seg":null,"vid":"-mu_CLg2Nfo","start":"268","id":"52625997","zone":"1","cid":"80141761","src":"YT","speaker":null,"ban":"0"},{"display":"in the preface to his famous work \"Anti-Dühring\" in 1885.","seg":null,"vid":"tbuLHSzBzZk","start":"1120","id":"18754167","zone":"1","cid":"28438113","src":"YT","speaker":"tbuLHSzBzZk","ban":"0"},{"display":"and they would all begin with a preface,","seg":null,"vid":"tbuLHSzBzZk","start":"4120","id":"18755250","zone":"1","cid":"28439196","src":"YT","speaker":"tbuLHSzBzZk","ban":"0"},{"display":"And Danny, as I mentioned in the preface,","seg":null,"vid":"IkTiSZJI1pQ","start":"721","id":"17953831","zone":"1","cid":"25883851","src":"YT","speaker":"IkTiSZJI1pQ","ban":"0"},{"display":"I'm just going to read you a little bit from the preface","seg":null,"vid":"IkTiSZJI1pQ","start":"216","id":"17953666","zone":"1","cid":"25883685","src":"YT","speaker":"IkTiSZJI1pQ","ban":"0"},{"display":"The preface has to be I am not a doctor,","seg":null,"vid":"I7Foam6oKPI","start":"3164","id":"17293756","zone":"1","cid":"24987277","src":"YT","speaker":"I7Foam6oKPI","ban":"0"},{"display":">>>MICHAEL STOLER: But let me preface the question","seg":null,"vid":"qf_GVduVvK0","start":"527","id":"19305407","zone":"1","cid":"29314644","src":"YT","speaker":"qf_GVduVvK0","ban":"0"},{"display":"So, first, I've got to preface this with, again,","seg":null,"vid":"B8s71meknvA","start":"3889","id":"19532051","zone":"1","cid":"29625326","src":"YT","speaker":"B8s71meknvA","ban":"0"},{"display":"And I also want to preface this, by you'll recognize some of these slides","seg":null,"vid":"fPERZTi6tbA","start":"75","id":"19156470","zone":"1","cid":"29101339","src":"YT","speaker":"fPERZTi6tbA","ban":"0"},{"display":"So with that as a preface, what we've seen in","seg":null,"vid":"lM5HaOXf4F0","start":"669","id":"5122550","zone":"1","cid":"5228533","src":"YT","speaker":"lM5HaOXf4F0","ban":"0"}]}