{"total_results":"484","total":"10","altered_query":"preposition","hc":"164310","results":[{"display":"Now, a particle can either be a preposition","seg":null,"vid":"Z3RZInvbOIQ","start":"31","id":"54406272","zone":"12","cid":"87574050","src":"YT","speaker":null,"ban":"0"},{"display":"you remember which preposition goes with which verb but let's begin with the","seg":null,"vid":"OgHc5Lzwn2A","start":"127","id":"51224483","zone":"2","cid":"81117679","src":"YT","speaker":null,"ban":"0"},{"display":"these verbs can be used with the preposition up and up simply adds","seg":null,"vid":"OgHc5Lzwn2A","start":"493","id":"51224544","zone":"2","cid":"81117740","src":"YT","speaker":null,"ban":"0"},{"display":"preposition up knowing that the meaning is not changed to clean is the same","seg":null,"vid":"OgHc5Lzwn2A","start":"528","id":"51224549","zone":"2","cid":"81117745","src":"YT","speaker":null,"ban":"0"},{"display":"preposition that you will hear a lot with cleaning verbs is out the first","seg":null,"vid":"OgHc5Lzwn2A","start":"539","id":"51224551","zone":"2","cid":"81117747","src":"YT","speaker":null,"ban":"0"},{"display":"Both of these sentences end with a preposition","seg":null,"vid":"XyvBFI49FOk","start":"181","id":"51202916","zone":"2","cid":"81096112","src":"YT","speaker":null,"ban":"0"},{"display":"rearrange it to avoid the preposition being put at the end.","seg":null,"vid":"XyvBFI49FOk","start":"189","id":"51202920","zone":"2","cid":"81096116","src":"YT","speaker":null,"ban":"0"},{"display":"with a preposition even if you aren't using a phrasal verb,","seg":null,"vid":"XyvBFI49FOk","start":"196","id":"51202922","zone":"2","cid":"81096118","src":"YT","speaker":null,"ban":"0"},{"display":"This object here can go between the verb and the preposition.","seg":null,"vid":"h8Q1XhjHhf4","start":"186","id":"51206091","zone":"2","cid":"81099287","src":"YT","speaker":null,"ban":"0"},{"display":"and you must use it with the preposition at, to glance at.","seg":null,"vid":"CP9VipkA6ns","start":"731","id":"51201255","zone":"2","cid":"81094451","src":"YT","speaker":null,"ban":"0"}]}