{"total_results":"1130","total":"10","altered_query":"proficiency","hc":"164310","results":[{"display":"is because the greater our proficiency,","seg":null,"vid":"IS_upr6ayqw","start":"418","id":"14823139","zone":"1","cid":"19684769","src":"YT","speaker":"IS_upr6ayqw","ban":"0"},{"display":"Best ways of learning, best ways of experiencing, so you can maximize technical proficiency","seg":null,"vid":"d3Jlv5GfOSw","start":"790","id":"19887539","zone":"1","cid":"30081617","src":"YT","speaker":"d3Jlv5GfOSw","ban":"0"},{"display":"proficiency to fill those jobs.","seg":null,"vid":"PmuN8sC_d3w","start":"1000","id":"19503170","zone":"1","cid":"29591533","src":"YT","speaker":"PmuN8sC_d3w","ban":"0"},{"display":"and proficiency, why is that necessary just to communicate the content","seg":null,"vid":"-1cLY9gW-jo","start":"2714","id":"4818443","zone":"1","cid":"4917017","src":"YT","speaker":"-1cLY9gW-jo","ban":"0"},{"display":"fall below proficiency and they ignore","seg":null,"vid":"qaGy7hs05fM","start":"79","id":"16530549","zone":"1","cid":"22733236","src":"YT","speaker":"qaGy7hs05fM","ban":"0"},{"display":"correctly around proficiency I would","seg":null,"vid":"qaGy7hs05fM","start":"16","id":"16530526","zone":"1","cid":"22733213","src":"YT","speaker":"qaGy7hs05fM","ban":"0"},{"display":"measure proficiency or another measure","seg":null,"vid":"qaGy7hs05fM","start":"9","id":"16530522","zone":"1","cid":"22733209","src":"YT","speaker":"qaGy7hs05fM","ban":"0"},{"display":"Franken: Well that's growth. That's not proficiency.","seg":null,"vid":"qaGy7hs05fM","start":"31","id":"16530531","zone":"1","cid":"22733218","src":"YT","speaker":"qaGy7hs05fM","ban":"0"},{"display":"But most times, a basic level instrumental proficiency is all that's required.","seg":null,"vid":"KW796zBfPhA","start":"574","id":"16206895","zone":"12","cid":"22086894","src":"YT","speaker":"KW796zBfPhA","ban":"0"},{"display":"isn't growth. The proficiency is an arbitrary standard.","seg":null,"vid":"qaGy7hs05fM","start":"36","id":"16530533","zone":"1","cid":"22733220","src":"YT","speaker":"qaGy7hs05fM","ban":"0"}]}