{"total_results":"2432","total":"10","altered_query":"qualitative","hc":"164310","results":[{"display":"But when we looked at the qualitative entries,","seg":null,"vid":"9ICjwQ_lJ8Y","start":"297","id":"59714011","zone":"1","cid":"89333165","src":"YT","speaker":null,"ban":"0"},{"display":"Here, they're supporting that with qualitative statements.","seg":null,"vid":"aJgXcVkZNG8","start":"213","id":"59722976","zone":"1","cid":"89346640","src":"YT","speaker":null,"ban":"0"},{"display":"doing qualitative work and quantitative work,","seg":null,"vid":"1tiYqc_B3c4","start":"415","id":"20337485","zone":"2","cid":"31015059","src":"YT","speaker":"1tiYqc_B3c4","ban":"0"},{"display":"a more qualitative view of some of the people that I think,","seg":null,"vid":"J6wYm3vFxxY","start":"2680","id":"17938290","zone":"1","cid":"25864529","src":"YT","speaker":"J6wYm3vFxxY","ban":"0"},{"display":"all his qualitative statements that he made.","seg":null,"vid":"2sG91e1Wh4I","start":"2037","id":"17985373","zone":"1","cid":"25919774","src":"YT","speaker":"2sG91e1Wh4I","ban":"0"},{"display":"was to go deep and to tell interesting qualitative","seg":null,"vid":"J6wYm3vFxxY","start":"2642","id":"17938280","zone":"1","cid":"25864519","src":"YT","speaker":"J6wYm3vFxxY","ban":"0"},{"display":"So I had a question about qualitative approaches","seg":null,"vid":"42qbHeFxdzE","start":"2621","id":"17964201","zone":"1","cid":"25896409","src":"YT","speaker":"42qbHeFxdzE","ban":"0"},{"display":"It could be more qualitative data.","seg":null,"vid":"iQ5nz8_w3y0","start":"248","id":"17105438","zone":"1","cid":"24691528","src":"YT","speaker":"iQ5nz8_w3y0","ban":"0"},{"display":"and the course of in-depth research, qualitative research,","seg":null,"vid":"E0_dmmCOBw0","start":"3151","id":"19521846","zone":"1","cid":"29611187","src":"YT","speaker":"E0_dmmCOBw0","ban":"0"},{"display":"the collection of qualitative information","seg":null,"vid":"vrbSkUocH_c","start":"500","id":"5475089","zone":"1","cid":"5585667","src":"YT","speaker":"vrbSkUocH_c","ban":"0"}]}