{"total_results":"3546","total":"10","altered_query":"quantitative","hc":"164310","results":[{"display":"analytical and quantitative skills are in today's economy.","seg":null,"vid":"d6NKdnZvdoo","start":"636","id":"14842641","zone":"13","cid":"19708452","src":"YT","speaker":"d6NKdnZvdoo","ban":"0"},{"display":"and it was an extremely quantitative period","seg":null,"vid":"j5MOel3iIYE","start":"470","id":"48504477","zone":"1","cid":"75991508","src":"YT","speaker":null,"ban":"0"},{"display":"these quantitative factors.","seg":null,"vid":"2sG91e1Wh4I","start":"1385","id":"17985139","zone":"1","cid":"25919540","src":"YT","speaker":"2sG91e1Wh4I","ban":"0"},{"display":"to become an investor, I had a very strong quantitative bias","seg":null,"vid":"2sG91e1Wh4I","start":"333","id":"17984725","zone":"1","cid":"25919124","src":"YT","speaker":"2sG91e1Wh4I","ban":"0"},{"display":"is to have quantitative metrics that you really can rely on.","seg":null,"vid":"2sG91e1Wh4I","start":"349","id":"17984730","zone":"1","cid":"25919129","src":"YT","speaker":"2sG91e1Wh4I","ban":"0"},{"display":"is it's probably the most quantitative function where","seg":null,"vid":"RG_eyn0fRXs","start":"438","id":"18032462","zone":"1","cid":"25980850","src":"YT","speaker":"RG_eyn0fRXs","ban":"0"},{"display":"doing qualitative work and quantitative work,","seg":null,"vid":"1tiYqc_B3c4","start":"415","id":"20337485","zone":"2","cid":"31015059","src":"YT","speaker":"1tiYqc_B3c4","ban":"0"},{"display":"anything quantitative since junior year of high school.","seg":null,"vid":"OF1iU8dgwzM","start":"282","id":"19811137","zone":"1","cid":"29985558","src":"YT","speaker":"OF1iU8dgwzM","ban":"0"},{"display":"hadn't needed quantitative skills in that way.","seg":null,"vid":"J6wYm3vFxxY","start":"644","id":"17937624","zone":"1","cid":"25863858","src":"YT","speaker":"J6wYm3vFxxY","ban":"0"},{"display":"at the world, a quantitative orientation,","seg":null,"vid":"J6wYm3vFxxY","start":"619","id":"17937616","zone":"1","cid":"25863850","src":"YT","speaker":"J6wYm3vFxxY","ban":"0"}]}