{"total_results":"1263","total":"10","altered_query":"respectively","hc":"164310","results":[{"display":"figures from the 18th and 19th centuries respectively.","seg":null,"vid":"qc6ctN5-xX0","start":"132","id":"7082234","zone":"1","cid":"7688790","src":"YT","speaker":"qc6ctN5-xX0","ban":"0"},{"display":"respectively looking in at what you do,","seg":null,"vid":"VaMDvfO-Cfs","start":"954","id":"20202519","zone":"1","cid":"30640920","src":"YT","speaker":"VaMDvfO-Cfs","ban":"0"},{"display":"And respectively, I believe that would be unwise.","seg":null,"vid":"glXNXx6Sdpo","start":"1232","id":"20376067","zone":"1","cid":"31114576","src":"YT","speaker":"glXNXx6Sdpo","ban":"0"},{"display":"forces we needed to succeed. George W. Bush and Barack Obama were respectively the 7th","seg":null,"vid":"rNUogiQeVuA","start":"229","id":"19034795","zone":"1","cid":"28912093","src":"YT","speaker":"rNUogiQeVuA","ban":"0"},{"display":"Examples of those are Truvia and Purevia that are owned by Coca-Cola and PepsiCo respectively","seg":null,"vid":"Wj2jqR2yglY","start":"962","id":"18736855","zone":"1","cid":"28412519","src":"YT","speaker":"Wj2jqR2yglY","ban":"0"},{"display":"and vicarious infringement, respectively.","seg":null,"vid":"XtWow-tYHwU","start":"2042","id":"20650456","zone":"1","cid":"31542225","src":"YT","speaker":"XtWow-tYHwU","ban":"0"},{"display":"in Chicago, Atlanta and Los Angeles in 2010, 2011 and 2013 respectively;","seg":null,"vid":"dpaLG3UdKxY","start":"266","id":"20594086","zone":"1","cid":"31440401","src":"YT","speaker":"dpaLG3UdKxY","ban":"0"},{"display":"in respectively.","seg":null,"vid":"PHO-vOt7uX0","start":"2560","id":"22380155","zone":"1","cid":"34181396","src":"YT","speaker":"PHO-vOt7uX0","ban":"0"},{"display":"Chair and Member of the Board, respectively,","seg":null,"vid":"ClaASDi9KtM","start":"165","id":"29911956","zone":"1","cid":"34675805","src":"YT","speaker":"ClaASDi9KtM","ban":"0"},{"display":"Batten School, and The School of Architecture respectively this academic year. I think I","seg":null,"vid":"ig6NDmSjeA8","start":"1321","id":"3991052","zone":"1","cid":"4070574","src":"YT","speaker":"ig6NDmSjeA8","ban":"0"}]}