{"total_results":"195","total":"10","altered_query":"resultant","hc":"164310","results":[{"display":"to the same thing. You have accompaniment with words like with. You have resultant expressions","seg":null,"vid":"WuUnMCq-ARQ","start":"1879","id":"4017978","zone":"1","cid":"4097717","src":"YT","speaker":"WuUnMCq-ARQ","ban":"0"},{"display":"the resultant of the communion of structures and reactions.'","seg":null,"vid":"r596sFF_4MI","start":"402","id":"3716855","zone":"1","cid":"3790257","src":"YT","speaker":"r596sFF_4MI","ban":"0"},{"display":"Esther is the number search resultant","seg":null,"vid":"HNP0USRtkIw","start":"2038","id":"198551","zone":"1","cid":"201704","src":"YT","speaker":"HNP0USRtkIw","ban":"0"},{"display":"the amount of radioactive element and and resultant stable element that are","seg":null,"vid":"8EucVnmJqCI","start":"690","id":"2979987","zone":"1","cid":"3038414","src":"YT","speaker":"8EucVnmJqCI","ban":"0"},{"display":"from the sun to be absorbed by the earth and its atmosphere while slowing down the resultant","seg":null,"vid":"_DH2uZhTPCs","start":"57","id":"11757207","zone":"1","cid":"14581276","src":"YT","speaker":"_DH2uZhTPCs","ban":"0"},{"display":"source of motion, and once the resultant thrust was suspiciously close to the margin of error.","seg":null,"vid":"NOWN0y55S88","start":"161","id":"36039807","zone":"1","cid":"59331323","src":"YT","speaker":"NOWN0y55S88","ban":"0"},{"display":"the resultant punishment for such an infraction would be to literally wash the child's mouth","seg":null,"vid":"CAn3FQgDYgM","start":"140","id":"43406906","zone":"1","cid":"69393051","src":"YT","speaker":"CAn3FQgDYgM","ban":"0"},{"display":"pandemic of every form of sexual immorality, resultant STDs, astonishing ignorance and","seg":null,"vid":"Wju5zM0cuI0","start":"125","id":"7925047","zone":"1","cid":"8846734","src":"YT","speaker":"Wju5zM0cuI0","ban":"1"},{"display":"of a bank's equity and resultant failure, and would be available","seg":null,"vid":"l0VqOe3FHts","start":"350","id":"50928688","zone":"1","cid":"78251568","src":"YT","speaker":null,"ban":"0"},{"display":"of the resultant, tRNA in this case, OK?","seg":null,"vid":"VI6J4nbTlH8","start":"2462","id":"17688019","zone":"1","cid":"25519996","src":"YT","speaker":"VI6J4nbTlH8","ban":"0"}]}