{"total_results":"191","total":"10","altered_query":"retell","hc":"164310","results":[{"display":"Including some magnificent and previously undiscovered 7 mm footage to retell","seg":null,"vid":"4-JlooqIyFM","start":"313","id":"54741175","zone":"1","cid":"89162819","src":"YT","speaker":null,"ban":"0"},{"display":"It's going to take many decades to retell these stories.","seg":null,"vid":"B1sm4JEqCdo","start":"81","id":"57774505","zone":"1","cid":"89269696","src":"YT","speaker":null,"ban":"0"},{"display":"You then retell their stories.","seg":null,"vid":"BNgQl3f3ryE","start":"1848","id":"18269704","zone":"12","cid":"27339844","src":"YT","speaker":"BNgQl3f3ryE","ban":"0"},{"display":"that they can later recall and retell to somebody else.","seg":null,"vid":"8EMW7io4rSI","start":"1335","id":"17289081","zone":"1","cid":"24982518","src":"YT","speaker":"8EMW7io4rSI","ban":"0"},{"display":"and retell to somebody else.","seg":null,"vid":"8EMW7io4rSI","start":"1323","id":"17289076","zone":"1","cid":"24982513","src":"YT","speaker":"8EMW7io4rSI","ban":"0"},{"display":"retell the story of God's deliverance of","seg":null,"vid":"5-HAAlJebkY","start":"12","id":"23361190","zone":"1","cid":"35504898","src":"YT","speaker":"5-HAAlJebkY","ban":"0"},{"display":"And then you go outside the U.S. and you tell them to retell the story of the prodigal son.","seg":null,"vid":"XV4QRDfNeJU","start":"4032","id":"3792652","zone":"1","cid":"3867319","src":"YT","speaker":"XV4QRDfNeJU","ban":"0"},{"display":"of this book to retell our company's history in detail.","seg":null,"vid":"pxe-LrZzaMQ","start":"329","id":"2369573","zone":"1","cid":"2416994","src":"YT","speaker":"pxe-LrZzaMQ","ban":"0"},{"display":"Over time we retell the story.","seg":null,"vid":"JPe7IAINeAE","start":"608","id":"3125717","zone":"1","cid":"3186245","src":"YT","speaker":"JPe7IAINeAE","ban":"0"},{"display":"to retell the story that's often very chaotic","seg":null,"vid":"WHQGWRfmu3g","start":"145","id":"7888761","zone":"1","cid":"8799136","src":"YT","speaker":"WHQGWRfmu3g","ban":"0"}]}