{"total_results":"147","total":"10","altered_query":"retort","hc":"164310","results":[{"display":"chance; then he can offer a weak retort of some sort.","seg":null,"vid":"dvRc1_mYS74","start":"533","id":"5219480","zone":"1","cid":"5326746","src":"YT","speaker":"dvRc1_mYS74","ban":"0"},{"display":"But my retort was this, is well, can I","seg":null,"vid":"KJOmXra8e7E","start":"1139","id":"3900880","zone":"12","cid":"3978405","src":"YT","speaker":"KJOmXra8e7E","ban":"0"},{"display":"Mr. Earnest: But my retort to that, Ron, is what are","seg":null,"vid":"W25L2scnUcU","start":"1846","id":"8019294","zone":"1","cid":"8986217","src":"YT","speaker":"W25L2scnUcU","ban":"0"},{"display":"MS. SIMENDINGER: And he also addressed during the debate, he had this interesting retort","seg":null,"vid":"m6j1l5Fr0gU","start":"383","id":"9559341","zone":"1","cid":"11444061","src":"YT","speaker":"m6j1l5Fr0gU","ban":"0"},{"display":"The other reason this sticks and stones retort","seg":null,"vid":"ZlSjhMvvibQ","start":"3636","id":"24325583","zone":"1","cid":"36983099","src":"YT","speaker":"ZlSjhMvvibQ","ban":"0"},{"display":"but that typically comes with some sort of retort","seg":null,"vid":"fTVWAZT4Dgs","start":"92","id":"33536060","zone":"1","cid":"51627634","src":"YT","speaker":"fTVWAZT4Dgs","ban":"0"},{"display":"Rossetti in particular would retort, \"What if I can't?\"","seg":null,"vid":"0CSs9Zl0hZc","start":"557","id":"34182964","zone":"2","cid":"52746603","src":"YT","speaker":"0CSs9Zl0hZc","ban":"0"},{"display":"Some of you might retort, well c'mon, what do they expect.","seg":null,"vid":"cTEDJPW5BI8","start":"449","id":"49934006","zone":"1","cid":"77210077","src":"YT","speaker":null,"ban":"0"},{"display":"In a characteristic retort, the Prime Minister replied:","seg":null,"vid":"iOH8r3GN55Y","start":"413","id":"48446943","zone":"2","cid":"75532341","src":"YT","speaker":null,"ban":"0"},{"display":"The latest social media retort is employed by millennials","seg":null,"vid":"wwLHaCU-GaM","start":"24","id":"59379695","zone":"1","cid":"88631397","src":"YT","speaker":null,"ban":"0"}]}