{"total_results":"360","total":"10","altered_query":"segregate","hc":"164310","results":[{"display":"road? Or I'm going to segregate them laterally or temporarily, which of course","seg":null,"vid":"aOLDGB6n0BU","start":"2003","id":"18196254","zone":"2","cid":"27243919","src":"YT","speaker":"aOLDGB6n0BU","ban":"0"},{"display":"this to itself for a long time, which is arbitrarily segregate people, make those traits inheritable","seg":null,"vid":"ayiUmaV_ewo","start":"2268","id":"5721184","zone":"1","cid":"5837808","src":"YT","speaker":"ayiUmaV_ewo","ban":"0"},{"display":"to further segregate and secure our information.","seg":null,"vid":"qBhf8JVl3oQ","start":"499","id":"16990321","zone":"1","cid":"24265426","src":"YT","speaker":"qBhf8JVl3oQ","ban":"0"},{"display":"whether to integrate or segregate","seg":null,"vid":"Y4IzmbPf24g","start":"4352","id":"22558842","zone":"1","cid":"34426813","src":"YT","speaker":"Y4IzmbPf24g","ban":"0"},{"display":"TAVILL: \"We segregate those out,","seg":null,"vid":"jBfci-mWOzQ","start":"994","id":"4498053","zone":"1","cid":"4590390","src":"YT","speaker":"jBfci-mWOzQ","ban":"0"},{"display":"problems that they have and segregate them -- said,","seg":null,"vid":"o35A34n7xxQ","start":"650","id":"9405010","zone":"1","cid":"11215395","src":"YT","speaker":"o35A34n7xxQ","ban":"0"},{"display":"industry we tend to segregate it into civil,","seg":null,"vid":"9fyy5HtxFrw","start":"3194","id":"9444876","zone":"12","cid":"11266701","src":"YT","speaker":"9fyy5HtxFrw","ban":"0"},{"display":"segregate discussions on the economy from our other more segregated environmental ones,","seg":null,"vid":"GonO7mJwvUg","start":"1649","id":"9203842","zone":"1","cid":"10918809","src":"YT","speaker":"GonO7mJwvUg","ban":"0"},{"display":"of an attempt to isolate or segregate his many languages","seg":null,"vid":"DRk27bzJ13o","start":"3168","id":"8688325","zone":"1","cid":"9948591","src":"YT","speaker":"DRk27bzJ13o","ban":"0"},{"display":"If you segregate people, and put them under full surveillance,","seg":null,"vid":"KT1vsOJctMk","start":"3213","id":"12975579","zone":"1","cid":"16495954","src":"YT","speaker":"KT1vsOJctMk","ban":"0"}]}