{"total_results":"869","total":"10","altered_query":"semiconductor","hc":"164310","results":[{"display":"How does that work then? It's an ink, a semiconductor, the same idea","seg":null,"vid":"2oVBSFIAWx4","start":"2554","id":"50692427","zone":"2","cid":"78002849","src":"YT","speaker":null,"ban":"0"},{"display":"they're translating semiconductor instruction sets","seg":null,"vid":"QG-27xXiAM8","start":"2281","id":"17155373","zone":"1","cid":"24784169","src":"YT","speaker":"QG-27xXiAM8","ban":"0"},{"display":"You think back to the semiconductor revolution,","seg":null,"vid":"4Qv_KxhBb0I","start":"44","id":"17347478","zone":"1","cid":"25049856","src":"YT","speaker":"4Qv_KxhBb0I","ban":"0"},{"display":"And this was a semiconductor company, primarily men.","seg":null,"vid":"nvpLN1Rf_k8","start":"273","id":"5003488","zone":"1","cid":"5106521","src":"YT","speaker":"nvpLN1Rf_k8","ban":"0"},{"display":"for the semiconductor industry and they also make robots","seg":null,"vid":"tZeO9I1KEec","start":"770","id":"3913646","zone":"1","cid":"3991238","src":"YT","speaker":"tZeO9I1KEec","ban":"0"},{"display":"semiconductor. It has gates and channels that open and close, and it can receive frequencies","seg":null,"vid":"yfmQiE5YUUo","start":"917","id":"3863832","zone":"1","cid":"3941100","src":"YT","speaker":"yfmQiE5YUUo","ban":"0"},{"display":"I worked as a semiconductor design engineer.","seg":null,"vid":"TPlvCu9nWxg","start":"1145","id":"4245344","zone":"1","cid":"4328745","src":"YT","speaker":"TPlvCu9nWxg","ban":"0"},{"display":"And the current semiconductor manufacturing","seg":null,"vid":"tZeO9I1KEec","start":"398","id":"3913533","zone":"1","cid":"3991124","src":"YT","speaker":"tZeO9I1KEec","ban":"0"},{"display":"the inventor of the semiconductor process,","seg":null,"vid":"kkpVr5eoyVE","start":"771","id":"208853","zone":"1","cid":"212107","src":"YT","speaker":"kkpVr5eoyVE","ban":"0"},{"display":"We were talking to a group at a, I'll just say a large semiconductor company, and we","seg":null,"vid":"sGQJdYUE4G4","start":"670","id":"1644510","zone":"1","cid":"1677751","src":"YT","speaker":"sGQJdYUE4G4","ban":"0"}]}