{"total_results":"147","total":"10","altered_query":"shortcoming","hc":"164310","results":[{"display":"and the one shortcoming that charters have is","seg":null,"vid":"m-UOdbWjD-U","start":"546","id":"19835950","zone":"1","cid":"30017093","src":"YT","speaker":"m-UOdbWjD-U","ban":"0"},{"display":"The Judges drew attention to this shortcoming.","seg":null,"vid":"Uh6CRhuNBFY","start":"2835","id":"15885030","zone":"12","cid":"21354895","src":"YT","speaker":"Uh6CRhuNBFY","ban":"0"},{"display":"just a shortcoming of memory, I don't know, maybe I just don't remember that moment, but","seg":null,"vid":"AKkYU-fExWc","start":"36","id":"2902179","zone":"1","cid":"2958429","src":"YT","speaker":"AKkYU-fExWc","ban":"0"},{"display":"So I guess I'm admitting to a shortcoming in our practice.","seg":null,"vid":"ogZLxvYBauI","start":"2775","id":"2955086","zone":"12","cid":"3013356","src":"YT","speaker":"ogZLxvYBauI","ban":"0"},{"display":"another key shortcoming of today's vaccines,","seg":null,"vid":"BGRy5VU-LfI","start":"570","id":"6898244","zone":"2","cid":"7287597","src":"YT","speaker":"BGRy5VU-LfI","ban":"0"},{"display":"are prone to exactly the same shortcoming.","seg":null,"vid":"IE-TTz13P7w","start":"662","id":"14093844","zone":"1","cid":"18363505","src":"YT","speaker":"IE-TTz13P7w","ban":"0"},{"display":"There is a certain shortcoming in it- it might be the shortcoming of self-reliance all together,","seg":null,"vid":"pbd-esazGv8","start":"600","id":"13202506","zone":"1","cid":"16895712","src":"YT","speaker":"pbd-esazGv8","ban":"0"},{"display":"and so it has one particular shortcoming","seg":null,"vid":"K9d1l0PwGA4","start":"242","id":"49207679","zone":"1","cid":"76386481","src":"YT","speaker":null,"ban":"0"},{"display":"On the flip side, one of the things that's a shortcoming,","seg":null,"vid":"sch1yA_xFZs","start":"93","id":"48250719","zone":"1","cid":"75299798","src":"YT","speaker":null,"ban":"0"},{"display":"It is the great shortcoming of employees in our world today.","seg":null,"vid":"sch1yA_xFZs","start":"2373","id":"48251538","zone":"1","cid":"75300617","src":"YT","speaker":null,"ban":"0"}]}