{"total_results":"1225","total":"10","altered_query":"soluble","hc":"164310","results":[{"display":"Starch is water-soluble.","seg":null,"vid":"ijaPzhBRP5w","start":"1855","id":"3774977","zone":"1","cid":"3849414","src":"YT","speaker":"ijaPzhBRP5w","ban":"0"},{"display":"The second phase converts it into a water soluble, less","seg":null,"vid":"166NrR5A7Ng","start":"2561","id":"2012074","zone":"1","cid":"2052935","src":"YT","speaker":"166NrR5A7Ng","ban":"0"},{"display":"done because Egypt's problems are not soluble in the short run.","seg":null,"vid":"mgMJneC9yH0","start":"1226","id":"3218770","zone":"1","cid":"3280535","src":"YT","speaker":"mgMJneC9yH0","ban":"0"},{"display":"fat soluble, more toxic forms of the hormone than it was","seg":null,"vid":"166NrR5A7Ng","start":"2555","id":"2012072","zone":"1","cid":"2052933","src":"YT","speaker":"166NrR5A7Ng","ban":"0"},{"display":"high in soluble fiber like oats, beans, barley, lentils, are good choices. And then those","seg":null,"vid":"Z0gP9wUIhPE","start":"1345","id":"7631305","zone":"1","cid":"8323416","src":"YT","speaker":"Z0gP9wUIhPE","ban":"0"},{"display":"carrots, garlic, jicama, leeks, onions, radishes, tomatoes and other soluble fibers. Fermented","seg":null,"vid":"vq5fgIRUFf4","start":"136","id":"6468574","zone":"1","cid":"6600657","src":"YT","speaker":"vq5fgIRUFf4","ban":"0"},{"display":"The second is that problems are soluble.","seg":null,"vid":"EszGIvRdgTE","start":"511","id":"15030564","zone":"1","cid":"19940105","src":"YT","speaker":"EszGIvRdgTE","ban":"0"},{"display":"if the watercolours are still soluble.","seg":null,"vid":"T_c2pBBs9cA","start":"2118","id":"9538123","zone":"12","cid":"11414650","src":"YT","speaker":"T_c2pBBs9cA","ban":"0"},{"display":"It will remain water soluble for a long time, whereas this","seg":null,"vid":"T_c2pBBs9cA","start":"1587","id":"9537949","zone":"12","cid":"11414476","src":"YT","speaker":"T_c2pBBs9cA","ban":"0"},{"display":"... and remains more soluble.","seg":null,"vid":"T_c2pBBs9cA","start":"1586","id":"9537948","zone":"12","cid":"11414475","src":"YT","speaker":"T_c2pBBs9cA","ban":"0"}]}