{"total_results":"1757","total":"10","altered_query":"specification","hc":"164310","results":[{"display":"to his specification and they added something.","seg":null,"vid":"BLAXUvALKYc","start":"156","id":"48542843","zone":"2","cid":"75646991","src":"YT","speaker":null,"ban":"0"},{"display":"So Wes creates a product specification every time a new product comes out","seg":null,"vid":"4QipJO-4qnQ","start":"676","id":"5226101","zone":"1","cid":"5333424","src":"YT","speaker":"4QipJO-4qnQ","ban":"0"},{"display":"the model number and the word specification up there in the search box","seg":null,"vid":"4QipJO-4qnQ","start":"279","id":"5226019","zone":"1","cid":"5333342","src":"YT","speaker":"4QipJO-4qnQ","ban":"0"},{"display":"an open trails standard specification.","seg":null,"vid":"L7Uo-JpzadE","start":"1679","id":"5316415","zone":"1","cid":"5424526","src":"YT","speaker":"L7Uo-JpzadE","ban":"0"},{"display":"Ultrabook specification from a few years back where","seg":null,"vid":"VPoXKuEV1_w","start":"2103","id":"16632247","zone":"12","cid":"22873047","src":"YT","speaker":"VPoXKuEV1_w","ban":"0"},{"display":"control germ line specification, which is incredibly important for evolution","seg":null,"vid":"s9oizEQBvBw","start":"806","id":"21973458","zone":"1","cid":"33628989","src":"YT","speaker":"s9oizEQBvBw","ban":"0"},{"display":"But it's just a specification to me, the recipient, that the thing I want","seg":null,"vid":"KWxwYbaAWxs","start":"3447","id":"7647710","zone":"1","cid":"8341766","src":"YT","speaker":"KWxwYbaAWxs","ban":"0"},{"display":"department and some of the latest in high-specification equipment available to students, along with","seg":null,"vid":"z5aCTIeMI7g","start":"20","id":"6472973","zone":"2","cid":"6605085","src":"YT","speaker":"z5aCTIeMI7g","ban":"0"},{"display":"axiomatic basis, there was one very interesting requirement on the specification of the language.","seg":null,"vid":"tAl6wzDTrJA","start":"1897","id":"14511283","zone":"2","cid":"19023326","src":"YT","speaker":"tAl6wzDTrJA","ban":"0"},{"display":"the features required by our specification.","seg":null,"vid":"ecWNflDzFfA","start":"623","id":"10410182","zone":"1","cid":"12874957","src":"YT","speaker":"ecWNflDzFfA","ban":"0"}]}