{"total_results":"118","total":"10","altered_query":"stiffen","hc":"164310","results":[{"display":"In many cases, we helped stiffen the backbone","seg":null,"vid":"URsvJ4NroWA","start":"1168","id":"20239428","zone":"1","cid":"30708072","src":"YT","speaker":"URsvJ4NroWA","ban":"0"},{"display":"Muscles begin to stiffen in what is known commonly by the Latin, rigor mortis.","seg":null,"vid":"mUn8h8jpcpU","start":"806","id":"17140520","zone":"1","cid":"24766779","src":"YT","speaker":"mUn8h8jpcpU","ban":"0"},{"display":"So we will wipe away our tears, stiffen our spines and face","seg":null,"vid":"K10ioQdEv80","start":"505","id":"17334329","zone":"1","cid":"25036195","src":"YT","speaker":"K10ioQdEv80","ban":"0"},{"display":"He has to stiffen at the elbows to hold it.","seg":null,"vid":"5OFW7KkuTVE","start":"653","id":"22303473","zone":"1","cid":"34061513","src":"YT","speaker":"5OFW7KkuTVE","ban":"0"},{"display":"So I thought if you could bend a railing it would self-stiffen.","seg":null,"vid":"vCW2R2Bm4W0","start":"1089","id":"9219158","zone":"1","cid":"10943650","src":"YT","speaker":"vCW2R2Bm4W0","ban":"0"},{"display":"They stiffen the walls of the elements.","seg":null,"vid":"XSuZ6ukuz5s","start":"110","id":"28680558","zone":"2","cid":"43978746","src":"YT","speaker":"XSuZ6ukuz5s","ban":"0"},{"display":"- it needs to lose the bulk and stiffen up for high speed shooting.","seg":null,"vid":"XX2ecz8L4qo","start":"891","id":"6217075","zone":"2","cid":"6345673","src":"YT","speaker":"XX2ecz8L4qo","ban":"0"},{"display":"When I say that, I watch people; they stiffen and try to turn away.","seg":null,"vid":"UUqr4P7P3gM","start":"830","id":"41381158","zone":"1","cid":"66288662","src":"YT","speaker":"UUqr4P7P3gM","ban":"0"},{"display":"and flex his muscles so as to stiffen them for such a long time.","seg":null,"vid":"nuONtZZ8bH0","start":"189","id":"43392078","zone":"1","cid":"69378223","src":"YT","speaker":"nuONtZZ8bH0","ban":"0"},{"display":"Often the joint will stiffen and thigh muscles can become weak.","seg":null,"vid":"8tj4RSkkKRY","start":"63","id":"49156493","zone":"2","cid":"76335270","src":"YT","speaker":null,"ban":"0"}]}