{"total_results":"639","total":"10","altered_query":"supplementary","hc":"164310","results":[{"display":"These are supplementary items intended to enhance and streamline your game","seg":null,"vid":"_PZbN96pALc","start":"1966","id":"53641146","zone":"1","cid":"81507276","src":"YT","speaker":null,"ban":"0"},{"display":"And I might have some supplementary panel information that we can discuss.","seg":null,"vid":"Iq2sLE6E_ds","start":"1480","id":"17655013","zone":"1","cid":"25461509","src":"YT","speaker":"Iq2sLE6E_ds","ban":"0"},{"display":"about providing supplementary information about communicating","seg":null,"vid":"yuCP2jX8WWk","start":"158","id":"21067413","zone":"2","cid":"32278494","src":"YT","speaker":"yuCP2jX8WWk","ban":"0"},{"display":"in the -- in the supplementary initiative, if you like, having a strong focus on creating","seg":null,"vid":"Qmz-gka6S8I","start":"828","id":"3784834","zone":"1","cid":"3859374","src":"YT","speaker":"Qmz-gka6S8I","ban":"0"},{"display":"IAN MITROFF: It's a supplementary textbook","seg":null,"vid":"UyuWZcHBbu4","start":"2005","id":"1643713","zone":"1","cid":"1676943","src":"YT","speaker":"UyuWZcHBbu4","ban":"0"},{"display":"about who does the supportive soft supplementary stuff","seg":null,"vid":"89TwSMVQudI","start":"1321","id":"3267185","zone":"12","cid":"3329634","src":"YT","speaker":"89TwSMVQudI","ban":"0"},{"display":"Use this as a supplementary tool not a supplement.","seg":null,"vid":"zeOllRlQkiM","start":"1057","id":"8325029","zone":"1","cid":"9424037","src":"YT","speaker":"zeOllRlQkiM","ban":"0"},{"display":"Pardon me, a supplementary tool not a substitute.","seg":null,"vid":"zeOllRlQkiM","start":"1061","id":"8325030","zone":"1","cid":"9424038","src":"YT","speaker":"zeOllRlQkiM","ban":"0"},{"display":"And there's a supplementary here which is that when we talk about learning","seg":null,"vid":"aP6cs5aM-O4","start":"4031","id":"6384674","zone":"2","cid":"6515708","src":"YT","speaker":"aP6cs5aM-O4","ban":"0"},{"display":"And so my supplementary to Kay's, is how far you've got down the path of","seg":null,"vid":"aP6cs5aM-O4","start":"7605","id":"6385386","zone":"2","cid":"6516420","src":"YT","speaker":"aP6cs5aM-O4","ban":"0"}]}