{"total_results":"251","total":"10","altered_query":"unsatisfactory","hc":"164310","results":[{"display":"what if he had been unsatisfactory in bed? The more he thought about it, the more he","seg":null,"vid":"Fnr49yJldZk","start":"2368","id":"19143738","zone":"2","cid":"29080254","src":"YT","speaker":"Fnr49yJldZk","ban":"0"},{"display":"different performance bands as opposed to just satisfactory or unsatisfactory.","seg":null,"vid":"ZE9tdLwd7B4","start":"994","id":"19254914","zone":"1","cid":"29222698","src":"YT","speaker":"ZE9tdLwd7B4","ban":"0"},{"display":"This is kind of unsatisfactory in the context of satellites","seg":null,"vid":"_64pAfiRL3Q","start":"147","id":"21076754","zone":"2","cid":"32289417","src":"YT","speaker":"_64pAfiRL3Q","ban":"0"},{"display":"call to a special number saved in their phone whenever they had an unsatisfactory encounter","seg":null,"vid":"jUR5d59Pnt8","start":"258","id":"21004507","zone":"2","cid":"32189400","src":"YT","speaker":"jUR5d59Pnt8","ban":"0"},{"display":"answers will be sad very unsatisfactory they caught us flat footed. So, there you go.","seg":null,"vid":"KS9gbabfDAA","start":"3142","id":"16303934","zone":"1","cid":"22356142","src":"YT","speaker":"KS9gbabfDAA","ban":"0"},{"display":"unsatisfactory or impractical.","seg":null,"vid":"L6S5amkCoyc","start":"453","id":"15675665","zone":"1","cid":"20999483","src":"YT","speaker":"L6S5amkCoyc","ban":"0"},{"display":"and you say, \"I don't know. I'm just a scientist.\" That's pretty unsatisfactory.","seg":null,"vid":"suz_13pXgEw","start":"2375","id":"3997409","zone":"1","cid":"4076959","src":"YT","speaker":"suz_13pXgEw","ban":"0"},{"display":"turned into unsatisfactory. AG: And their major beef with you?","seg":null,"vid":"FTaAyaicMLo","start":"1195","id":"2477036","zone":"1","cid":"2525881","src":"YT","speaker":"FTaAyaicMLo","ban":"0"},{"display":"draw a line and say, \"Planets are bigger than this.\" That's a bit unsatisfactory,","seg":null,"vid":"TKM0P3XlMNA","start":"188","id":"6736264","zone":"1","cid":"7009486","src":"YT","speaker":"TKM0P3XlMNA","ban":"0"},{"display":"You've got kids who are living in unsatisfactory housing","seg":null,"vid":"KJ6jyPnVEjE","start":"2867","id":"9402216","zone":"12","cid":"11212599","src":"YT","speaker":"KJ6jyPnVEjE","ban":"0"}]}