{"total_results":"1920","total":"10","altered_query":"vocational","hc":"164310","results":[{"display":"there's so little that's vocational about it anymore,","seg":null,"vid":"IS_upr6ayqw","start":"205","id":"14823063","zone":"1","cid":"19684693","src":"YT","speaker":"IS_upr6ayqw","ban":"0"},{"display":"And then we expanded it to vocational training","seg":null,"vid":"pA9XWXQ6vMQ","start":"1956","id":"12212649","zone":"1","cid":"15173243","src":"YT","speaker":"pA9XWXQ6vMQ","ban":"0"},{"display":"opportunity, whether it's for vocational training,","seg":null,"vid":"KVvYH6Kkj_s","start":"2084","id":"48100637","zone":"1","cid":"75383392","src":"YT","speaker":null,"ban":"0"},{"display":"the University as really just advanced vocational training,","seg":null,"vid":"ee9xiryt1Xg","start":"1316","id":"17578944","zone":"1","cid":"25348053","src":"YT","speaker":"ee9xiryt1Xg","ban":"0"},{"display":"the investment and the energy in vocational training and","seg":null,"vid":"7h9esSsOLDE","start":"654","id":"18613054","zone":"1","cid":"28109687","src":"YT","speaker":"7h9esSsOLDE","ban":"0"},{"display":"vocational training facilities, even four year universities and","seg":null,"vid":"7h9esSsOLDE","start":"696","id":"18613066","zone":"1","cid":"28109699","src":"YT","speaker":"7h9esSsOLDE","ban":"0"},{"display":"a kid goes to a vocational school and","seg":null,"vid":"m-UOdbWjD-U","start":"628","id":"19835992","zone":"1","cid":"30017135","src":"YT","speaker":"m-UOdbWjD-U","ban":"0"},{"display":"have models of excellence in vocational education. It's not what voc-ed was in the '60s. It was","seg":null,"vid":"QztzgPJA3iE","start":"1084","id":"19882809","zone":"1","cid":"30076876","src":"YT","speaker":"QztzgPJA3iE","ban":"0"},{"display":"when it comes to vocational education, for instance, [inaudible 00:42:38] training. Christina:","seg":null,"vid":"QztzgPJA3iE","start":"1057","id":"19882803","zone":"1","cid":"30076870","src":"YT","speaker":"QztzgPJA3iE","ban":"0"},{"display":"They can bring vocational training","seg":null,"vid":"m-UOdbWjD-U","start":"599","id":"19835976","zone":"1","cid":"30017119","src":"YT","speaker":"m-UOdbWjD-U","ban":"0"}]}