{"total_results":"38","total":"10","altered_query":"waken","hc":"164310","results":[{"display":"which we've been able to waken people in China, Germany and other countries - Africa, to continue","seg":null,"vid":"pBKidf3_MPE","start":"744","id":"21060728","zone":"1","cid":"32270431","src":"YT","speaker":"pBKidf3_MPE","ban":"0"},{"display":"To waken joy in creative expression,","seg":null,"vid":"2Fn4AhIFTjY","start":"324","id":"21023191","zone":"1","cid":"32225229","src":"YT","speaker":"2Fn4AhIFTjY","ban":"0"},{"display":"and waken me as a man who was wakened out of his sleep\\\"--","seg":null,"vid":"gJ9P6FYV0Ec","start":"1433","id":"51392159","zone":"1","cid":"78661094","src":"YT","speaker":null,"ban":"0"},{"display":"that these are invitations, these exhortations to waken, awaken ourselves","seg":null,"vid":"rZdMJ1k0NSA","start":"3487","id":"4680300","zone":"1","cid":"4776988","src":"YT","speaker":"rZdMJ1k0NSA","ban":"0"},{"display":"God will waken the dead by a resurrection. Yes, a resurrection.","seg":null,"vid":"sL3GGajSowA","start":"679","id":"34125638","zone":"1","cid":"52365206","src":"YT","speaker":"sL3GGajSowA","ban":"0"},{"display":"is the USA market and we have waken now","seg":null,"vid":"ZzO_f2wJlMA","start":"279","id":"30890214","zone":"2","cid":"47119510","src":"YT","speaker":"ZzO_f2wJlMA","ban":"0"},{"display":"and waken the house and run the risk of losing","seg":null,"vid":"gkXlehNe-SI","start":"641","id":"35141716","zone":"1","cid":"55685958","src":"YT","speaker":"gkXlehNe-SI","ban":"0"},{"display":"'cause I think you can waken to your calling","seg":null,"vid":"uSxrWL3rPJ4","start":"1818","id":"35099582","zone":"1","cid":"55616906","src":"YT","speaker":"uSxrWL3rPJ4","ban":"0"},{"display":"You're groggy, you're waken up from the anesthetic,","seg":null,"vid":"6hFxDLkWNPY","start":"11","id":"42088473","zone":"1","cid":"67458098","src":"YT","speaker":"6hFxDLkWNPY","ban":"0"},{"display":"To waken doubt in one","seg":null,"vid":"zx9dvijIRuc","start":"105","id":"60381686","zone":"1","cid":"90429458","src":"YT","speaker":null,"ban":"0"}]}